cluster_id,protein_id
0,4932.YDL114W
0,4932.YMR040W
0,4932.YGL039W
0,4932.Q0017
0,4932.Q0032
0,4932.YNR064C
0,4932.Q0142
0,4932.Q0092
0,4932.Q0010
0,4932.Q0182
0,4932.YOR092W
0,4932.Q0297
0,4932.YPL119C-A
0,4932.YDR274C
0,4932.YBR076W
0,4932.Q0143
0,4932.YGR153W
0,4932.YKL107W
1,4932.YCL017C
1,4932.YLL051C
1,4932.YMR228W
1,4932.YDR204W
1,4932.YGL258W
1,4932.YNR060W
1,4932.YER093C-A
1,4932.YDL067C
1,4932.YGL166W
1,4932.YOR316C
1,4932.YGR062C
1,4932.YDR205W
1,4932.YNL123W
1,4932.YMR150C
1,4932.YOR196C
1,4932.YBL065W
1,4932.YOR031W
1,4932.YPR155C
1,4932.YOR382W
1,4932.YLR193C
1,4932.YPL059W
1,4932.YKR016W
1,4932.YJL147C
1,4932.YDR539W
1,4932.YNL295W
1,4932.YGL040C
1,4932.YKR035C
1,4932.YGR021W
1,4932.YHL014C
1,4932.YIL114C
1,4932.YDL009C
1,4932.YBR255C-A
1,4932.YBR230W-A
1,4932.YDR534C
1,4932.YMR019W
1,4932.YBL045C
1,4932.YLR259C
1,4932.YBR113W
1,4932.YBR292C
1,4932.YLR218C
1,4932.YHR122W
1,4932.YJR121W
1,4932.YDL133W
1,4932.YDR377W
1,4932.YMR282C
1,4932.YPL172C
1,4932.YNL260C
1,4932.YPR021C
1,4932.YPL005W
1,4932.YIL098C
1,4932.YOR387C
1,4932.YGR231C
1,4932.YNR041C
1,4932.YGL057C
1,4932.YBR091C
1,4932.YGL091C
1,4932.YDL069C
1,4932.YFL036W
1,4932.YDR286C
1,4932.YPR191W
1,4932.YJL116C
1,4932.YDL185W
1,4932.YLR390W
1,4932.YHR175W
1,4932.YGR132C
1,4932.YMR115W
1,4932.YIL128W
1,4932.YPR063C
1,4932.YMR089C
1,4932.YJR127C
1,4932.YPL252C
1,4932.YLL027W
1,4932.YOL152W
1,4932.YOR125C
1,4932.Q0055
1,4932.YLR136C
1,4932.YNR040W
1,4932.YBR196C-A
1,4932.YER154W
1,4932.YLR072W
1,4932.YKL016C
1,4932.YGR255C
1,4932.YLL009C
1,4932.YIL023C
1,4932.YBR266C
1,4932.YLR164W
1,4932.YKL096C-B
1,4932.YEL051W
1,4932.YBR024W
1,4932.YGR181W
1,4932.YGR082W
1,4932.YMR166C
1,4932.YHR083W
1,4932.YOR200W
1,4932.YMR265C
1,4932.YBL022C
1,4932.YKL134C
1,4932.YOL096C
1,4932.YDL129W
1,4932.YGL018C
1,4932.YGR033C
1,4932.YKR071C
1,4932.YMR243C
1,4932.YLL033W
1,4932.YMR066W
1,4932.YGR182C
1,4932.YEL065W
1,4932.YAR035C-A
1,4932.YDR470C
1,4932.YML054C
1,4932.YPL271W
1,4932.YDR231C
1,4932.YJL077C
1,4932.YLR162W
1,4932.YNL121C
1,4932.YMR177W
1,4932.YBR120C
1,4932.YIL134W
1,4932.YEL027W
1,4932.YNR074C
1,4932.YGL160W
1,4932.YLR368W
1,4932.YBR255W
1,4932.YMR301C
1,4932.YHR001W-A
1,4932.YIL065C
1,4932.YOR343C
1,4932.YNL259C
1,4932.YGR102C
1,4932.YNL100W
1,4932.YJL119C
1,4932.YDR375C
1,4932.YBL059C-A
1,4932.YLL018C-A
1,4932.YLR253W
1,4932.YJR135W-A
1,4932.YLR139C
1,4932.YOR228C
1,4932.YKL064W
1,4932.YLR447C
1,4932.YGR286C
1,4932.YKL098W
1,4932.YDR493W
1,4932.YKR052C
1,4932.YBR197C
1,4932.YBL066C
1,4932.YLL006W
1,4932.YGR020C
1,4932.YBR011C
1,4932.YKL195W
1,4932.YPR048W
1,4932.YMR054W
1,4932.YMR203W
1,4932.YIL154C
1,4932.YDR336W
1,4932.YDL057W
1,4932.YJR122W
1,4932.YPR116W
1,4932.YML129C
1,4932.YAL044W-A
1,4932.YDL085W
1,4932.YLR380W
1,4932.YDR298C
1,4932.YGL119W
1,4932.YLR411W
1,4932.YKR070W
1,4932.Q0080
1,4932.YPR024W
1,4932.YIR018W
1,4932.YEL020W-A
1,4932.YGL083W
1,4932.YJL133W
1,4932.YMR130W
1,4932.YJL205C
1,4932.YFL010C
1,4932.Q0120
1,4932.YDR511W
1,4932.YOR017W
1,4932.YER058W
1,4932.YPR170W-B
1,4932.YML110C
1,4932.YDR133C
1,4932.YLR034C
1,4932.YGL024W
1,4932.YOR137C
1,4932.YDR197W
1,4932.YLR008C
1,4932.YJL066C
1,4932.YMR241W
1,4932.YGR237C
1,4932.YMR003W
1,4932.YHR162W
1,4932.Q0070
1,4932.YLR023C
1,4932.YOR226C
1,4932.YFL041W
1,4932.YDL010W
1,4932.YAR023C
1,4932.YGR243W
1,4932.YLR168C
1,4932.YDR492W
1,4932.YDR044W
1,4932.YLR220W
1,4932.YOR065W
1,4932.YLR375W
1,4932.YNL083W
1,4932.YGL188C
1,4932.YGL008C
1,4932.YDL004W
1,4932.YOL130W
1,4932.YGL219C
1,4932.YPL060W
1,4932.YPR036W
1,4932.YDL181W
1,4932.YOR223W
1,4932.Q0075
1,4932.YOR197W
1,4932.YEL059C-A
1,4932.YML120C
1,4932.YHR005C-A
1,4932.Q0115
1,4932.YLL013C
1,4932.YOL009C
1,4932.YJR051W
1,4932.YKL084W
1,4932.YAL048C
1,4932.YDL217C
1,4932.YBL107C
1,4932.YKL175W
1,4932.YJR034W
1,4932.YMR056C
1,4932.YFR045W
1,4932.YJR048W
1,4932.YPL215W
1,4932.YOR305W
1,4932.YBL029W
1,4932.YDL205C
1,4932.YHR026W
1,4932.YPR117W
1,4932.YAL004W
1,4932.YCL044C
1,4932.YGR295C
1,4932.YLR201C
1,4932.YBR209W
1,4932.YNL052W
1,4932.YER174C
1,4932.Q0050
1,4932.YOL154W
1,4932.YPR133W-A
1,4932.YDR220C
1,4932.YNL305C
1,4932.Q0255
1,4932.YGR101W
1,4932.YDL107W
1,4932.YPL135W
1,4932.YJL166W
1,4932.YJL209W
1,4932.YJR040W
1,4932.YBL030C
1,4932.YER077C
1,4932.YGL255W
1,4932.YLR348C
1,4932.YOL122C
1,4932.YJR012C
1,4932.YMR319C
1,4932.YIR021W
1,4932.YJR077C
1,4932.YMR035W
1,4932.YBR037C
1,4932.YOR266W
1,4932.YJL003W
1,4932.YDR098C
1,4932.YJR033C
1,4932.YAL046C
1,4932.YPR037C
1,4932.YOR037W
1,4932.YJL143W
1,4932.YER017C
1,4932.YDL189W
1,4932.YBR185C
1,4932.YDR232W
1,4932.YGL236C
1,4932.YDL159W-A
1,4932.YML081W
1,4932.YOR350C
1,4932.YBR262C
1,4932.YKL075C
1,4932.YDR376W
1,4932.YJL112W
1,4932.Q0110
1,4932.YOR356W
1,4932.YDR379C-A
1,4932.YMR060C
1,4932.YDL027C
1,4932.YMR267W
1,4932.YIL087C
1,4932.YIL003W
1,4932.YFL052W
1,4932.YLR393W
1,4932.YBL069W
1,4932.YDR185C
1,4932.YLR295C
1,4932.YPL159C
1,4932.YDR114C
1,4932.YGR207C
1,4932.YPL224C
1,4932.YMR064W
1,4932.YBR227C
1,4932.YIL157C
1,4932.YMR134W
1,4932.YJL131C
1,4932.YKL087C
1,4932.YNL070W
1,4932.YLL029W
1,4932.YLR038C
1,4932.YGL260W
1,4932.YHR044C
1,4932.YHL005C
1,4932.YNL315C
1,4932.YHR024C
1,4932.YPR153W
1,4932.YCL007C
1,4932.YNL003C
1,4932.YNR020C
1,4932.YGR112W
1,4932.YGR150C
1,4932.YNL011C
1,4932.YNL240C
1,4932.YOR383C
1,4932.YPL182C
1,4932.Q0065
1,4932.YBL055C
1,4932.Q0130
1,4932.YBR003W
1,4932.YPL189C-A
1,4932.YEL039C
1,4932.YOR270C
1,4932.YNR018W
1,4932.YPR011C
1,4932.YER153C
1,4932.YBL070C
1,4932.YMR245W
1,4932.YDR222W
1,4932.YGR222W
1,4932.YPR067W
1,4932.YAL010C
1,4932.YJR067C
1,4932.YER053C-A
1,4932.YLR214W
1,4932.YJL045W
1,4932.YOR381W
1,4932.YDL033C
1,4932.YDR270W
1,4932.YIL022W
1,4932.YKL183C-A
1,4932.YLR283W
1,4932.YHR051W
1,4932.YHR176W
1,4932.YPR058W
1,4932.YDR350C
1,4932.YNL310C
1,4932.YLR130C
1,4932.YOR384W
1,4932.YPR134W
1,4932.YLR395C
1,4932.YOL071W
1,4932.YDL085C-A
1,4932.YDL119C
1,4932.YOR045W
1,4932.YLR091W
1,4932.YLR294C
1,4932.YMR244C-A
1,4932.YJR120W
1,4932.YAL039C
1,4932.YDR525W
1,4932.YPR020W
1,4932.YHL040C
1,4932.YOR354C
1,4932.YNL055C
1,4932.YIL111W
1,4932.YMR221C
1,4932.YER004W
1,4932.YDR202C
1,4932.YOL158C
1,4932.YGL191W
1,4932.YOR147W
1,4932.YNL168C
1,4932.YBR127C
1,4932.YML030W
1,4932.YOL008W
1,4932.YLR047C
1,4932.YKR087C
1,4932.YIL077C
1,4932.YKL141W
1,4932.YDR119W-A
1,4932.YOL002C
1,4932.YPL132W
1,4932.Q0085
1,4932.YJL133C-A
1,4932.Q0045
1,4932.YMR157C
1,4932.YCL057C-A
1,4932.YGL107C
1,4932.YKL053C-A
1,4932.YPL098C
1,4932.YHR198C
1,4932.YOR232W
1,4932.YBR179C
1,4932.YKL137W
1,4932.YMR256C
1,4932.YOL027C
1,4932.YDR415C
1,4932.Q0105
1,4932.YIL014C-A
1,4932.YBL099W
1,4932.YNL213C
1,4932.YJL056C
1,4932.YKL133C
1,4932.YMR058W
1,4932.YGL226W
1,4932.YPL202C
1,4932.YGL085W
1,4932.YER014W
1,4932.YNL131W
1,4932.YBR014C
1,4932.YHL047C
1,4932.YIR024C
1,4932.YMR145C
1,4932.YLL041C
1,4932.YJL054W
1,4932.YFR011C
1,4932.YKL119C
1,4932.YPL036W
1,4932.YHL038C
1,4932.YGR235C
1,4932.YOL077W-A
1,4932.YPL063W
1,4932.YOR297C
1,4932.YNR045W
1,4932.YMR002W
1,4932.YMR118C
1,4932.YJL062W-A
1,4932.YKR065C
1,4932.YBR085W
1,4932.YGR174C
1,4932.YDR178W
1,4932.YGR183C
1,4932.YPR010C-A
1,4932.YDR047W
1,4932.YDR393W
1,4932.YDR538W
1,4932.YMR021C
1,4932.YOL101C
1,4932.YOR020W-A
1,4932.Q0060
1,4932.YKL192C
1,4932.Q0250
1,4932.YPL109C
1,4932.YPL078C
1,4932.YJR112W-A
1,4932.YJL208C
1,4932.YNR039C
1,4932.YHR060W
1,4932.YDR529C
1,4932.YGL220W
1,4932.YOR334W
1,4932.YDR509W
1,4932.YOR331C
1,4932.YNR017W
1,4932.YHR194W
1,4932.YOR176W
1,4932.YHR116W
1,4932.YDR031W
1,4932.YLR204W
1,4932.YGL080W
1,4932.YKL080W
1,4932.YPR004C
1,4932.YLR154W-C
1,4932.YLR290C
1,4932.YDL044C
1,4932.YLR163C
1,4932.YER141W
1,4932.YGR105W
1,4932.YGR029W
1,4932.YBR259W
1,4932.YGL071W
1,4932.YPL056C
1,4932.YGR106C
1,4932.YBL059W
1,4932.YLR132C
1,4932.YMR023C
1,4932.YER121W
1,4932.YOR332W
1,4932.YDR219C
1,4932.YDR065W
1,4932.YBR207W
1,4932.YJL199C
1,4932.YKL148C
1,4932.YFL054C
1,4932.YNL254C
1,4932.YNL026W
1,4932.YDL120W
1,4932.YLR067C
1,4932.YDR049W
1,4932.YGR257C
1,4932.YDR381C-A
1,4932.YFL050C
1,4932.YMR126C
1,4932.YHR117W
1,4932.YMR257C
1,4932.YJL104W
1,4932.YDR322C-A
1,4932.YOL026C
1,4932.YER048W-A
1,4932.YOR034C-A
1,4932.YGL159W
1,4932.YDR304C
1,4932.YDR079W
1,4932.YOR278W
1,4932.YML081C-A
1,4932.YLR205C
1,4932.YKL111C
1,4932.YDR267C
1,4932.YGL187C
1,4932.YJR080C
1,4932.YBR039W
1,4932.YCL005W-A
1,4932.YKL040C
1,4932.YPL234C
1,4932.YEL024W
1,4932.YOR079C
1,4932.YMR038C
1,4932.YKL220C
1,4932.YBR290W
1,4932.YKL072W
1,4932.Q0275
1,4932.YJL023C
1,4932.YDL198C
1,4932.YER145C
1,4932.YGR161W-C
1,4932.YFR033C
1,4932.YLR087C
1,4932.YJL180C
1,4932.YHR039C-A
1,4932.YOR053W
1,4932.YJL057C
1,4932.YER182W
1,4932.YKL208W
1,4932.YKR011C
1,4932.YLR203C
1,4932.YHR050W
2,4932.YLR449W
2,4932.YGR158C
2,4932.YGL111W
2,4932.YPR144C
2,4932.YLR107W
2,4932.YLR197W
2,4932.YJL033W
2,4932.YBR247C
2,4932.YLR334C
2,4932.YHR196W
2,4932.YBR155W
2,4932.YDR161W
2,4932.YNL163C
2,4932.YPR112C
2,4932.YER036C
2,4932.YOL125W
2,4932.YIL008W
2,4932.YDR465C
2,4932.YGR169C
2,4932.YOR091W
2,4932.YGR090W
2,4932.YMR131C
2,4932.YIL091C
2,4932.YGR159C
2,4932.YPL204W
2,4932.YGR251W
2,4932.YNL112W
2,4932.YFL002C
2,4932.YEL055C
2,4932.YKL143W
2,4932.YIL110W
2,4932.YOR145C
2,4932.YPL211W
2,4932.YLR409C
2,4932.YOL093W
2,4932.YOR004W
2,4932.YLR068W
2,4932.YDL051W
2,4932.YPR143W
2,4932.YGR001C
2,4932.YNL292W
2,4932.YMR014W
2,4932.YLR172C
2,4932.YGL120C
2,4932.YOR201C
2,4932.YLR137W
2,4932.YIL019W
2,4932.YDR257C
2,4932.YNR054C
2,4932.YOL124C
2,4932.YOR287C
2,4932.YNR024W
2,4932.YDR338C
2,4932.YBR030W
2,4932.YLR101C
2,4932.YNL299W
2,4932.YKL082C
2,4932.YCR087C-A
2,4932.YEL026W
2,4932.YLR405W
2,4932.YDL031W
2,4932.YDR339C
2,4932.YBR261C
2,4932.YPL030W
2,4932.YIL025C
2,4932.YMR287C
2,4932.YCR047C
2,4932.YNL141W
2,4932.YJL069C
2,4932.YLR175W
2,4932.YGL050W
2,4932.YHR069C
2,4932.YNL063W
2,4932.YLR276C
2,4932.YLL011W
2,4932.YJL010C
2,4932.YLR051C
2,4932.YKR081C
2,4932.YDR449C
2,4932.YJR063W
2,4932.YGL211W
2,4932.YDL208W
2,4932.YJR023C
2,4932.YLR165C
2,4932.YKR060W
2,4932.YIL127C
2,4932.YLR336C
2,4932.YPL086C
2,4932.YDR165W
2,4932.YKL014C
2,4932.YHR187W
2,4932.YGR145W
2,4932.YOR243C
2,4932.YLR221C
2,4932.YNL207W
2,4932.YGL078C
2,4932.YER082C
2,4932.YDL201W
2,4932.YOR341W
2,4932.YPR010C
2,4932.YPL263C
2,4932.YJL035C
2,4932.YJL050W
2,4932.YDR312W
2,4932.YHR111W
2,4932.YPL029W
2,4932.YIL096C
2,4932.YOR272W
2,4932.YOR061W
2,4932.YMR269W
2,4932.YMR093W
2,4932.YNL308C
2,4932.YPL043W
2,4932.YPR110C
2,4932.YCR016W
2,4932.YNL022C
2,4932.YPL221W
2,4932.YLR287C
2,4932.YER002W
2,4932.YFL001W
2,4932.YGR276C
2,4932.YOR294W
2,4932.YJL125C
2,4932.YGL136C
2,4932.YOL080C
2,4932.YIL079C
2,4932.YPL126W
2,4932.YOR006C
2,4932.YBL039C
2,4932.YLR223C
2,4932.YML074C
2,4932.YKR056W
2,4932.YPL183C
2,4932.YPL207W
2,4932.YDL166C
2,4932.YNL075W
2,4932.YOR309C
2,4932.YBR271W
2,4932.YDL060W
2,4932.YLR435W
2,4932.YNL110C
2,4932.YHR040W
2,4932.YER057C
2,4932.YML014W
2,4932.YHR066W
2,4932.YHR089C
2,4932.YKL191W
2,4932.YLR129W
2,4932.YLR022C
2,4932.YLR074C
2,4932.YOL077C
2,4932.YDR184C
2,4932.YKL172W
2,4932.YNL132W
2,4932.YHR148W
2,4932.YGR195W
2,4932.YBR061C
2,4932.YBR267W
2,4932.YNL035C
2,4932.YDL213C
2,4932.YBR141C
2,4932.YAL020C
2,4932.YOL142W
2,4932.YMR239C
2,4932.YMR312W
2,4932.YER127W
2,4932.YDR528W
2,4932.YDL175C
2,4932.YBR034C
2,4932.YJR041C
2,4932.YGR095C
2,4932.YDR324C
2,4932.YHR085W
2,4932.YPL193W
2,4932.YAL036C
2,4932.YHR072W-A
2,4932.YMR217W
2,4932.YDL199C
2,4932.YIR012W
2,4932.YMR049C
2,4932.YER126C
2,4932.YPL226W
2,4932.YGL099W
2,4932.YDL112W
2,4932.YDR365C
2,4932.YGR200C
2,4932.YLR316C
2,4932.YNL175C
2,4932.YNL227C
2,4932.YGL029W
2,4932.YOR077W
2,4932.YCR035C
2,4932.YNR053C
2,4932.YDR316W
2,4932.YLR108C
2,4932.YPL012W
2,4932.YOR021C
2,4932.YDR120C
2,4932.YLL035W
2,4932.YMR310C
2,4932.YKL099C
2,4932.YJR129C
2,4932.YLR401C
2,4932.YLR106C
2,4932.YMR285C
2,4932.YIL103W
2,4932.YEL052W
2,4932.YER006W
2,4932.YLL034C
2,4932.YHR197W
2,4932.YNR015W
2,4932.YCR072C
2,4932.YPR137W
2,4932.YGL171W
2,4932.YJR070C
2,4932.YGR187C
2,4932.YML093W
2,4932.YDR198C
2,4932.YNL108C
2,4932.YKL078W
2,4932.YHR052W
2,4932.YDR280W
2,4932.YDR396W
2,4932.YGR283C
2,4932.YOL022C
2,4932.YHR170W
2,4932.YDR060W
2,4932.YNL119W
2,4932.YGL243W
2,4932.YNL151C
2,4932.YKR079C
2,4932.YDR293C
2,4932.YLR059C
2,4932.YLR002C
2,4932.YIR026C
2,4932.YAL025C
2,4932.YHR034C
2,4932.YBL024W
2,4932.YLR407W
2,4932.YCL054W
2,4932.YKL009W
2,4932.YOR119C
2,4932.YJR003C
2,4932.YLR285W
2,4932.YCL036W
2,4932.YOL010W
2,4932.YMR290C
2,4932.YBL004W
2,4932.YOL041C
2,4932.YKL027W
2,4932.YNL062C
2,4932.YOR207C
2,4932.YNL232W
2,4932.YKL021C
2,4932.YPR169W
2,4932.YGL063W
2,4932.YJL148W
2,4932.YOR039W
2,4932.YOL021C
2,4932.YPL093W
2,4932.YFR001W
2,4932.YBR269C
2,4932.YBR246W
2,4932.YOR001W
2,4932.YPL212C
2,4932.YDR083W
2,4932.YGL019W
2,4932.YLR384C
2,4932.YIL064W
2,4932.YKL171W
2,4932.YNL050C
2,4932.YHR081W
2,4932.YDR194C
2,4932.YGR160W
2,4932.YNL113W
2,4932.YJL098W
2,4932.YOR274W
2,4932.YDR398W
2,4932.YDL167C
2,4932.YDR412W
2,4932.YOL066C
2,4932.YCL059C
2,4932.YHR109W
2,4932.YDR140W
2,4932.YPL217C
2,4932.YOL144W
2,4932.YPL101W
2,4932.YGR128C
2,4932.YNL224C
2,4932.YIL104C
2,4932.YPL266W
2,4932.YNL182C
2,4932.YOR046C
2,4932.YLR003C
2,4932.YCL031C
2,4932.YGR103W
2,4932.YDR101C
2,4932.YMR229C
2,4932.YGR081C
2,4932.YPL146C
2,4932.YNL248C
2,4932.YNR038W
2,4932.YNR046W
2,4932.YJL122W
2,4932.YHL039W
2,4932.YBR142W
2,4932.YNL092W
2,4932.YLR196W
2,4932.YDL063C
2,4932.YPR190C
2,4932.YKR024C
2,4932.YOR252W
2,4932.YGR245C
2,4932.YDL014W
2,4932.YLR186W
2,4932.YLR143W
2,4932.YPL208W
2,4932.YHR169W
2,4932.YOR206W
2,4932.YDR021W
2,4932.YNL024C
2,4932.YLR009W
2,4932.YGL246C
2,4932.YOR310C
2,4932.YOL115W
2,4932.YOR340C
2,4932.YKL110C
2,4932.YHR003C
2,4932.YGL232W
2,4932.YDR174W
2,4932.YMR259C
2,4932.YKR092C
2,4932.YHR070W
2,4932.YKL216W
2,4932.YDL153C
2,4932.YER156C
2,4932.YLR063W
2,4932.YOR056C
2,4932.YHR088W
2,4932.YNL061W
2,4932.YKR063C
2,4932.YDL036C
2,4932.YIL035C
2,4932.YLR397C
2,4932.YGR280C
2,4932.YDR087C
2,4932.YOR076C
2,4932.YER110C
2,4932.YMR128W
2,4932.YML080W
2,4932.YCR057C
2,4932.YAL059W
2,4932.YDL111C
2,4932.YBR192W
2,4932.YOR048C
2,4932.YFL023W
2,4932.YJR002W
2,4932.YLR222C
2,4932.YGR271C-A
2,4932.YOR078W
2,4932.YPR163C
2,4932.YBL028C
2,4932.YDR299W
2,4932.YNL124W
2,4932.YBL071W-A
2,4932.YNL313C
2,4932.YJL109C
2,4932.YDR361C
2,4932.YDR514C
2,4932.YDL148C
2,4932.YLL008W
2,4932.YHR065C
2,4932.YPL239W
2,4932.YDR496C
2,4932.YML005W
3,4932.YNL001W
3,4932.YFR049W
3,4932.YFR031C-A
3,4932.YGL076C
3,4932.YML009C
3,4932.YPL198W
3,4932.YMR230W
3,4932.YBL038W
3,4932.YDR237W
3,4932.YBR181C
3,4932.YPL037C
3,4932.YGL143C
3,4932.YPR132W
3,4932.YHL015W
3,4932.YJL138C
3,4932.YOL120C
3,4932.YGR034W
3,4932.YOR150W
3,4932.YLR406C
3,4932.YIL133C
3,4932.YNL002C
3,4932.YCR071C
3,4932.YLR167W
3,4932.YKL023W
3,4932.YMR260C
3,4932.YNL069C
3,4932.YDR450W
3,4932.YDR337W
3,4932.YJR047C
3,4932.YMR116C
3,4932.YLR367W
3,4932.YLR249W
3,4932.YKL156W
3,4932.YKR084C
3,4932.YJL189W
3,4932.YGL213C
3,4932.YOR182C
3,4932.YLR312W-A
3,4932.YBR079C
3,4932.YKL090W
3,4932.YPL081W
3,4932.YDR025W
3,4932.YPR041W
3,4932.YPR102C
3,4932.YIL069C
3,4932.YGR201C
3,4932.YOL127W
3,4932.YKL155C
3,4932.YGR054W
3,4932.YHR132C
3,4932.YLR048W
3,4932.YML063W
3,4932.YPR043W
3,4932.YDR471W
3,4932.YBR122C
3,4932.YLR075W
3,4932.YHR038W
3,4932.YPL143W
3,4932.YCR046C
3,4932.YMR121C
3,4932.YJL096W
3,4932.YBL091C
3,4932.YJL177W
3,4932.YNL185C
3,4932.YOR183W
3,4932.YDR385W
3,4932.YML105C
3,4932.YDL143W
3,4932.YOR063W
3,4932.YPL183W-A
3,4932.YDL202W
3,4932.YER102W
3,4932.YEL054C
3,4932.YGR083C
3,4932.YML026C
3,4932.YAL035W
3,4932.YIL070C
3,4932.YOR293W
3,4932.YDL045W-A
3,4932.YNL284C
3,4932.YMR012W
3,4932.YLR192C
3,4932.YGL031C
3,4932.YER007C-A
3,4932.YBL090W
3,4932.YLR441C
3,4932.YEL034W
3,4932.YJL102W
3,4932.YGL173C
3,4932.YPL118W
3,4932.YGL110C
3,4932.YGR148C
3,4932.YGL123W
3,4932.YLL039C
3,4932.YHR141C
3,4932.YJL014W
3,4932.YGR215W
3,4932.YIL093C
3,4932.YDR175C
3,4932.YMR188C
3,4932.YNL306W
3,4932.YHR168W
3,4932.YDR116C
3,4932.YJR113C
3,4932.YDR139C
3,4932.YLR378C
3,4932.YKR094C
3,4932.YNR022C
3,4932.YPL013C
3,4932.YNL007C
3,4932.YDR500C
3,4932.YOR318C
3,4932.YNL014W
3,4932.YJR115W
3,4932.YGL189C
3,4932.YMR142C
3,4932.YBR268W
3,4932.YJR101W
3,4932.YKL138C
3,4932.YGL068W
3,4932.YPL210C
3,4932.YOR205C
3,4932.YLR439W
3,4932.YNL067W
3,4932.YLL045C
3,4932.YNL137C
3,4932.YOR369C
3,4932.YMR143W
3,4932.YOR281C
3,4932.YLR281C
3,4932.YLR185W
3,4932.YKR057W
3,4932.YMR242C
3,4932.YPL270W
3,4932.YDR036C
3,4932.YDR041W
3,4932.YDL083C
3,4932.YAL003W
3,4932.YPL173W
3,4932.YNL252C
3,4932.YDR064W
3,4932.YJL136C
3,4932.YDL092W
3,4932.YGR169C-A
3,4932.YLR448W
3,4932.YPR078C
3,4932.YPR099C
3,4932.YDR115W
3,4932.YCR003W
3,4932.YJL008C
3,4932.YGR165W
3,4932.YMR146C
3,4932.YOR312C
3,4932.YPL131W
3,4932.YDR188W
3,4932.YLR069C
3,4932.YBR143C
3,4932.YOL040C
3,4932.YJR007W
3,4932.YBR084C-A
3,4932.YMR193W
3,4932.YOL031C
3,4932.YBR048W
3,4932.YBR189W
3,4932.YDL136W
3,4932.YFL004W
3,4932.YBR282W
3,4932.YHR059W
3,4932.YER056C-A
3,4932.YDR429C
3,4932.YNL177C
3,4932.YPL090C
3,4932.YDR283C
3,4932.YDR322W
3,4932.YMR286W
3,4932.YJR064W
3,4932.YML025C
3,4932.YOR253W
3,4932.YNL005C
3,4932.YPL220W
3,4932.YPR166C
3,4932.YDL130W
3,4932.YLR388W
3,4932.YDR494W
3,4932.YOR260W
3,4932.YDL081C
3,4932.YLR387C
3,4932.YOR163W
3,4932.YBR118W
3,4932.YFR032C-A
3,4932.YGL147C
3,4932.YDR266C
3,4932.YDL061C
3,4932.YBL072C
3,4932.YLR333C
3,4932.YFL034C-A
3,4932.YKL170W
3,4932.YLR264W
3,4932.YDR382W
3,4932.YDR212W
3,4932.YDL184C
3,4932.YMR024W
3,4932.YKL167C
3,4932.YGR214W
3,4932.YDR086C
3,4932.YGL135W
3,4932.YBR146W
3,4932.YHR075C
3,4932.YDR418W
3,4932.YDR462W
3,4932.YDR292C
3,4932.YMR098C
3,4932.YNL301C
3,4932.YLR291C
3,4932.YKL006W
3,4932.YLR061W
3,4932.YLR244C
3,4932.YPR016C
3,4932.YDR211W
3,4932.YHR010W
3,4932.YNL081C
3,4932.YGR271W
3,4932.YPL243W
3,4932.YBR031W
3,4932.YPR100W
3,4932.YOR187W
3,4932.YHR021C
3,4932.YJR126C
3,4932.YDL191W
3,4932.YJL111W
3,4932.YGR076C
3,4932.YDL040C
3,4932.YOR167C
3,4932.YJR094W-A
3,4932.YOL023W
3,4932.YOR096W
3,4932.YHL033C
3,4932.YDL075W
3,4932.YOR158W
3,4932.YMR158W
3,4932.YNR037C
3,4932.YGL103W
3,4932.YLR029C
3,4932.YNL178W
3,4932.YNL244C
3,4932.YKL056C
3,4932.YPR189W
3,4932.YMR225C
3,4932.YDR252W
3,4932.YOR361C
3,4932.YOL121C
3,4932.YIL142W
3,4932.YKL183W
3,4932.YBL087C
3,4932.YNR036C
3,4932.YNL122C
3,4932.YCR077C
3,4932.YKL003C
3,4932.YHL001W
3,4932.YPR088C
3,4932.YDR117C
3,4932.YKR006C
3,4932.YIL052C
3,4932.YDR089W
3,4932.YIL148W
3,4932.YPL025C
3,4932.YHL004W
3,4932.YKR023W
3,4932.YKR059W
3,4932.YOL039W
3,4932.YER025W
3,4932.YLR340W
3,4932.YJR145C
3,4932.YML073C
3,4932.YLR289W
3,4932.YBL092W
3,4932.YCR031C
3,4932.YLR398C
3,4932.YPL009C
3,4932.YEL050C
3,4932.YLR150W
3,4932.YHR013C
3,4932.Q0140
3,4932.YNL209W
3,4932.YDR296W
3,4932.YER117W
3,4932.YLR287C-A
3,4932.YIL018W
3,4932.YLR344W
3,4932.YPL249C-A
3,4932.YGL129C
3,4932.YPR080W
3,4932.YLR179C
3,4932.YER038C
3,4932.YPL079W
3,4932.YGR085C
3,4932.YHR193C
3,4932.YML024W
3,4932.YKL180W
3,4932.YDR091C
3,4932.YER131W
3,4932.YGR118W
3,4932.YDR447C
3,4932.YBR251W
3,4932.YBR283C
3,4932.YGR027C
3,4932.YKL154W
3,4932.YDR012W
3,4932.YMR097C
3,4932.YOR133W
3,4932.YKL122C
3,4932.YHR147C
3,4932.YJR123W
3,4932.YBL027W
3,4932.YER050C
3,4932.YKR085C
3,4932.YJL191W
3,4932.YHR203C
3,4932.YMR309C
3,4932.YNL096C
3,4932.YKR026C
3,4932.YGL030W
3,4932.YOL114C
3,4932.YNL162W
3,4932.YNL302C
3,4932.YPL237W
3,4932.YGR084C
3,4932.YDR405W
3,4932.YDR172W
3,4932.YDL082W
3,4932.YBR191W
3,4932.YLR325C
3,4932.YOR234C
3,4932.YDR347W
3,4932.YKL081W
3,4932.YPL048W
3,4932.YPR072W
3,4932.YOR131C
3,4932.YEL057C
3,4932.YOL019W
3,4932.YJL063C
3,4932.YJR014W
3,4932.YJL190C
3,4932.YGR220C
3,4932.YLR280C
3,4932.YER074W
3,4932.YDL133C-A
3,4932.YMR194W
4,4932.YOL006C
4,4932.YDR067C
4,4932.YGL112C
4,4932.YLR306W
4,4932.YHR124W
4,4932.YBR165W
4,4932.YML061C
4,4932.YDL013W
4,4932.YML043C
4,4932.YMR114C
4,4932.YHL008C
4,4932.YPL046C
4,4932.YDR334W
4,4932.YER088C
4,4932.YOR025W
4,4932.YPL007C
4,4932.YDR308C
4,4932.YLR236C
4,4932.YBR010W
4,4932.YDR310C
4,4932.YBR073W
4,4932.YCR084C
4,4932.YKL139W
4,4932.YDR026C
4,4932.YDR499W
4,4932.YPL055C
4,4932.YPR180W
4,4932.YOR256C
4,4932.YJL026W
4,4932.YDL155W
4,4932.YNL088W
4,4932.YPL121C
4,4932.YFR027W
4,4932.YPL216W
4,4932.YOR083W
4,4932.YGL116W
4,4932.YKL042W
4,4932.YDL132W
4,4932.YHR157W
4,4932.YBR088C
4,4932.YMR055C
4,4932.YDL042C
4,4932.YOR114W
4,4932.YHR184W
4,4932.YDR318W
4,4932.YDR113C
4,4932.YJR068W
4,4932.YPR164W
4,4932.YDL076C
4,4932.YOL094C
4,4932.YGL075C
4,4932.YMR075W
4,4932.YNL172W
4,4932.YNL289W
4,4932.YJL165C
4,4932.YDR078C
4,4932.YBR154C
4,4932.YBR193C
4,4932.YGR273C
4,4932.YBL019W
4,4932.YLR015W
4,4932.YIR008C
4,4932.YBR236C
4,4932.YLR376C
4,4932.YHR115C
4,4932.YBR103W
4,4932.YML060W
4,4932.YLR357W
4,4932.YML021C
4,4932.YMR044W
4,4932.YML112W
4,4932.YDR443C
4,4932.YDL154W
4,4932.YPL018W
4,4932.YBL009W
4,4932.YGR030C
4,4932.YPR187W
4,4932.YBR160W
4,4932.YFR037C
4,4932.YKL031W
4,4932.YPR161C
4,4932.YML010W
4,4932.YKR048C
4,4932.YBL006C
4,4932.YOR258W
4,4932.YIL046W
4,4932.YOL063C
4,4932.YNR010W
4,4932.YMR294W
4,4932.YGR274C
4,4932.YOR353C
4,4932.YKL160W
4,4932.YJL115W
4,4932.YNL059C
4,4932.YLR141W
4,4932.YLR079W
4,4932.YKL189W
4,4932.YDL164C
4,4932.YMR059W
4,4932.YOL001W
4,4932.YIL066C
4,4932.YNL196C
4,4932.YOR113W
4,4932.YER161C
4,4932.YPR056W
4,4932.YDR121W
4,4932.YPL209C
4,4932.YML058W-A
4,4932.YGR275W
4,4932.YDR392W
4,4932.YHR159W
4,4932.YHR062C
4,4932.YLR457C
4,4932.YHR058C
4,4932.YOR295W
4,4932.YDR110W
4,4932.YBL084C
4,4932.YDR320C-A
4,4932.YKL168C
4,4932.YBR049C
4,4932.YLL054C
4,4932.YDR073W
4,4932.YAL034W-A
4,4932.YBR107C
4,4932.YER179W
4,4932.YER016W
4,4932.Q0160
4,4932.YGR098C
4,4932.YLR385C
4,4932.YPL014W
4,4932.YPR068C
4,4932.YLR383W
4,4932.YIL072W
4,4932.YLR315W
4,4932.YPR179C
4,4932.YDL008W
4,4932.YMR005W
4,4932.YPL129W
4,4932.YPL164C
4,4932.YJR082C
4,4932.YOR005C
4,4932.YJL168C
4,4932.YPR046W
4,4932.YPL174C
4,4932.YIL001W
4,4932.YKL108W
4,4932.YJR119C
4,4932.YOR174W
4,4932.YNL206C
4,4932.YHR056C
4,4932.YDR397C
4,4932.YER007W
4,4932.YDR285W
4,4932.YNL309W
4,4932.YBL035C
4,4932.YJL105W
4,4932.YPL022W
4,4932.YKL045W
4,4932.YDR440W
4,4932.YGL249W
4,4932.YPL267W
4,4932.YER051W
4,4932.YOR249C
4,4932.YOL086W-A
4,4932.YGL036W
4,4932.YDR008C
4,4932.YER162C
4,4932.YML124C
4,4932.YLR243W
4,4932.YLR055C
4,4932.YDL220C
4,4932.YDR374W-A
4,4932.YGL134W
4,4932.YML011C
4,4932.YNL068C
4,4932.YIL150C
4,4932.YOR339C
4,4932.YMR072W
4,4932.YKL089W
4,4932.YLR274W
4,4932.YOR224C
4,4932.YKL005C
4,4932.YDL059C
4,4932.YBR009C
4,4932.YLR135W
4,4932.YMR167W
4,4932.YGL183C
4,4932.YKL144C
4,4932.YOL017W
4,4932.YLR010C
4,4932.YDL179W
4,4932.YGR108W
4,4932.YER030W
4,4932.YJR140C
4,4932.YDR489W
4,4932.YGL093W
4,4932.YDR092W
4,4932.YDL239C
4,4932.YFR028C
4,4932.YHR164C
4,4932.YAL033W
4,4932.YDR005C
4,4932.YBR186W
4,4932.YGR225W
4,4932.YOL068C
4,4932.YDR150W
4,4932.YPL235W
4,4932.YDR145W
4,4932.YLR154C
4,4932.YDR362C
4,4932.YLR097C
4,4932.YDR260C
4,4932.YKR091W
4,4932.YLL022C
4,4932.YOR265W
4,4932.YGR005C
4,4932.YHR031C
4,4932.YPL155C
4,4932.YMR233W
4,4932.YBR133C
4,4932.YPL139C
4,4932.YML091C
4,4932.YBR211C
4,4932.YAR019C
4,4932.YOR233W
4,4932.YLR145W
4,4932.YML064C
4,4932.YPL194W
4,4932.YLR045C
4,4932.YDR030C
4,4932.YGR203W
4,4932.YLR437C
4,4932.YAR003W
4,4932.YDR176W
4,4932.YNL116W
4,4932.YNL025C
4,4932.YIR002C
4,4932.YDR106W
4,4932.YJL030W
4,4932.YOR144C
4,4932.YMR020W
4,4932.YJR043C
4,4932.YHR133C
4,4932.YDL074C
4,4932.YCL061C
4,4932.YJR052W
4,4932.YDR180W
4,4932.YPR141C
4,4932.YEL044W
4,4932.YOL146W
4,4932.YJR053W
4,4932.YGR078C
4,4932.YDL160C-A
4,4932.YDR053W
4,4932.YHR120W
4,4932.YDR404C
4,4932.YLR035C
4,4932.YCR014C
4,4932.YDL005C
4,4932.YLR233C
4,4932.YKL054C
4,4932.YHR071W
4,4932.YDR090C
4,4932.YLL002W
4,4932.YNL230C
4,4932.YLR373C
4,4932.YER184C
4,4932.YHR099W
4,4932.YGL003C
4,4932.YBR069C
4,4932.YLR320W
4,4932.YGL192W
4,4932.YJR135C
4,4932.YDR154C
4,4932.YDR225W
4,4932.YGL033W
4,4932.YEL032W
4,4932.YDL108W
4,4932.YOL005C
4,4932.YJR072C
4,4932.YBR202W
4,4932.YGR179C
4,4932.YNL148C
4,4932.YBL054W
4,4932.YCR042C
4,4932.YBR089C-A
4,4932.YOR349W
4,4932.YDR052C
4,4932.YER171W
4,4932.YIL073C
4,4932.YDR501W
4,4932.YFL009W
4,4932.YLR032W
4,4932.YOL091W
4,4932.YGL021W
4,4932.YDL017W
4,4932.YDR288W
4,4932.YOR191W
4,4932.YPL116W
4,4932.YGR109C
4,4932.YNL290W
4,4932.YDR254W
4,4932.YLR086W
4,4932.YGL133W
4,4932.YPR034W
4,4932.YOR372C
4,4932.YMR033W
4,4932.YLR254C
4,4932.YPL138C
4,4932.YGL163C
4,4932.YDR097C
4,4932.YPL241C
4,4932.YLR215C
4,4932.YPL083C
4,4932.YMR236W
4,4932.YHR153C
4,4932.YDR217C
4,4932.YIL026C
4,4932.YNL097C
4,4932.YOR304W
4,4932.YGR047C
4,4932.YKL032C
4,4932.YBR167C
4,4932.YDR079C-A
4,4932.YNL186W
4,4932.YMR119W
4,4932.YGR002C
4,4932.YCR052W
4,4932.YOR080W
4,4932.YDR409W
4,4932.YBR112C
4,4932.YDR306C
4,4932.YDR014W
4,4932.YDL105W
4,4932.YCR065W
4,4932.YGR208W
4,4932.YMR112C
4,4932.YIL132C
4,4932.YPL219W
4,4932.YBL097W
4,4932.YNL221C
4,4932.YDR054C
4,4932.YML098W
4,4932.YBR114W
4,4932.YOR269W
4,4932.YKL049C
4,4932.YOR151C
4,4932.YOL069W
4,4932.YNL246W
4,4932.YKR029C
4,4932.YGL251C
4,4932.YGR188C
4,4932.YJL013C
4,4932.YHL025W
4,4932.YCL051W
4,4932.YOL133W
4,4932.YGR180C
4,4932.YOR217W
4,4932.YJL092W
4,4932.YGR092W
4,4932.YPL181W
4,4932.YML127W
4,4932.YML015C
4,4932.YLR103C
4,4932.YAR008W
4,4932.YGR230W
4,4932.YGR056W
4,4932.YGL244W
4,4932.YBR215W
4,4932.YOL135C
4,4932.YKR037C
4,4932.YIR025W
4,4932.YOL025W
4,4932.YLR212C
4,4932.YDR096W
4,4932.YFR038W
4,4932.YBL034C
4,4932.YNL164C
4,4932.YKL011C
4,4932.YCR108C
4,4932.YPL082C
4,4932.YDR469W
4,4932.YBR060C
4,4932.YDL028C
4,4932.YJL179W
4,4932.YMR224C
4,4932.YCR082W
4,4932.YBR258C
4,4932.YHR090C
4,4932.YBR252W
4,4932.YEL061C
4,4932.YIL144W
4,4932.YPR135W
4,4932.YLR318W
4,4932.YIL106W
4,4932.YPR120C
4,4932.YDR303C
4,4932.YDR169C
4,4932.YOR351C
4,4932.YOL148C
4,4932.YGL025C
4,4932.YHR177W
4,4932.YPL015C
4,4932.YPL016W
4,4932.YKR062W
4,4932.YOL034W
4,4932.YGL252C
4,4932.YDR289C
4,4932.YHR191C
4,4932.YBL003C
4,4932.YLR005W
4,4932.YML023C
4,4932.YDL101C
4,4932.YOR373W
4,4932.YCR066W
4,4932.YLR071C
4,4932.YOR195W
4,4932.YGL151W
4,4932.YHL022C
4,4932.YIL050W
4,4932.YBR123C
4,4932.YDR016C
4,4932.YBL021C
4,4932.YJR112W
4,4932.YIR010W
4,4932.YOL051W
4,4932.YIL129C
4,4932.YDR048C
4,4932.YJL195C
4,4932.YMR179W
4,4932.YNL008C
4,4932.YGL090W
4,4932.YER167W
4,4932.YCR053W
4,4932.YBR245C
4,4932.YMR156C
4,4932.YMR091C
4,4932.YMR036C
4,4932.YOR244W
4,4932.YOL145C
4,4932.YER018C
4,4932.YGL130W
4,4932.YMR106C
4,4932.YDR478W
4,4932.YNL262W
4,4932.YCL016C
4,4932.YDR045C
4,4932.YMR053C
4,4932.YJR057W
4,4932.YGL058W
4,4932.YJL074C
4,4932.YHL006C
4,4932.YDL102W
4,4932.YMR001C
4,4932.YLR085C
4,4932.YGR113W
4,4932.YJL065C
4,4932.YOR064C
4,4932.YDL056W
4,4932.YKR101W
4,4932.YBR228W
4,4932.YHR041C
4,4932.YPL024W
4,4932.YGR116W
4,4932.YOR141C
4,4932.YOL004W
4,4932.YJR089W
4,4932.YKL114C
4,4932.YFL034C-B
4,4932.YOR194C
4,4932.YDR512C
4,4932.YAL047C
4,4932.YML058W
4,4932.YBR175W
4,4932.YDR527W
4,4932.YHR134W
4,4932.YCR033W
4,4932.YLR227C
4,4932.YLR454W
4,4932.YIL009C-A
4,4932.YDR291W
4,4932.YGL216W
4,4932.YDR076W
4,4932.YPL003W
4,4932.YGL150C
4,4932.YLR105C
4,4932.YBR257W
4,4932.YDR363W
4,4932.YOR262W
4,4932.YLR265C
4,4932.YGR042W
4,4932.YDR156W
4,4932.YMR263W
4,4932.YFR046C
4,4932.YDR146C
4,4932.YEL056W
4,4932.YPL128C
4,4932.YDR190C
4,4932.YIR015W
4,4932.YOR116C
4,4932.YOR230W
4,4932.YPL001W
4,4932.YML114C
4,4932.YOR290C
4,4932.YDR181C
4,4932.YOR210W
4,4932.YBL023C
4,4932.YNL188W
4,4932.YBR095C
4,4932.YJL006C
4,4932.YGL215W
4,4932.YBR274W
4,4932.YDR485C
4,4932.YBR087W
4,4932.YOR023C
4,4932.YNL153C
4,4932.YJL011C
4,4932.YOR346W
4,4932.YFL003C
4,4932.YIL112W
4,4932.YOR060C
4,4932.YNL031C
4,4932.YDR118W
4,4932.YLR200W
4,4932.YHR166C
4,4932.YLR321C
4,4932.YMR138W
4,4932.YML009C-A
4,4932.YDR451C
4,4932.YOR189W
4,4932.YJL076W
4,4932.YPL167C
4,4932.YNR003C
4,4932.YPR070W
4,4932.YEL019C
4,4932.YJL087C
4,4932.YKR083C
4,4932.YGL237C
4,4932.YPL127C
4,4932.YLL004W
4,4932.YLR210W
4,4932.YJL173C
4,4932.YDL025C
4,4932.YJL187C
4,4932.YLR131C
4,4932.YMR227C
4,4932.YNL072W
4,4932.YHR199C-A
4,4932.YAL015C
4,4932.YER169W
4,4932.YCR092C
4,4932.YIL031W
4,4932.YPR168W
4,4932.YOR279C
4,4932.YLR224W
4,4932.YAL019W
4,4932.YMR176W
4,4932.YML095C
4,4932.YOR368W
4,4932.YIL021W
4,4932.YGR044C
4,4932.YCR008W
4,4932.YGL127C
4,4932.YBL093C
4,4932.YER059W
4,4932.YBR150C
4,4932.YBL025W
4,4932.YOL104C
4,4932.YGR063C
4,4932.YOR363C
4,4932.YOR058C
4,4932.YMR234W
4,4932.YNL030W
4,4932.YNL312W
4,4932.YKL101W
4,4932.YPL031C
4,4932.YLR453C
4,4932.YDR356W
4,4932.YMR048W
4,4932.YDR263C
4,4932.YJL140W
4,4932.YDR191W
4,4932.YJR021C
4,4932.YGL170C
4,4932.YML032C
4,4932.YNL222W
4,4932.YNL330C
4,4932.YOR066W
4,4932.YLR412W
4,4932.YNL236W
4,4932.YDR325W
4,4932.YMR111C
4,4932.YDL127W
4,4932.YOL095C
4,4932.YML027W
4,4932.YDR082W
4,4932.YLR007W
4,4932.YBL014C
4,4932.YER047C
4,4932.YMR284W
4,4932.YKL052C
4,4932.YGL175C
4,4932.YJR144W
4,4932.YJL149W
4,4932.YDR273W
4,4932.YOR110W
4,4932.YOR038C
4,4932.YNL102W
4,4932.YIL126W
4,4932.YGL043W
4,4932.YIL139C
4,4932.YBR233W-A
4,4932.YPL165C
4,4932.YMR299C
4,4932.YPL020C
4,4932.YDR419W
4,4932.YPL256C
4,4932.YKL022C
4,4932.YDR328C
4,4932.YGR258C
4,4932.YMR190C
4,4932.YPL011C
4,4932.YLR329W
4,4932.YKL125W
4,4932.YMR078C
4,4932.YMR137C
4,4932.YGL066W
4,4932.YPL153C
4,4932.YDR014W-A
4,4932.YJR006W
4,4932.YDR314C
4,4932.YPR106W
4,4932.YBR195C
4,4932.YPR052C
4,4932.YBL088C
4,4932.YAL013W
4,4932.YOL054W
4,4932.YCR020W-B
4,4932.YLR182W
4,4932.YOR074C
4,4932.YDR295C
4,4932.YNL273W
4,4932.YFL024C
4,4932.YJL106W
4,4932.YAL027W
4,4932.YPR007C
4,4932.YGL086W
4,4932.YAL024C
4,4932.YOR358W
4,4932.YPR111W
4,4932.YPL233W
4,4932.YBR111W-A
4,4932.YNL198C
4,4932.YGR246C
4,4932.YHR152W
4,4932.YLR272C
4,4932.YDL002C
4,4932.YMR127C
4,4932.YFL037W
4,4932.YDR066C
4,4932.YMR180C
4,4932.YLR033W
4,4932.YDR386W
4,4932.YOR257W
4,4932.YNR065C
4,4932.YDR448W
4,4932.YHR154W
4,4932.YLR430W
4,4932.YFL049W
4,4932.YDR383C
4,4932.YAL001C
4,4932.YDR279W
4,4932.YER106W
4,4932.YIL143C
4,4932.YER041W
4,4932.YBR135W
4,4932.YBR156C
4,4932.YKL112W
4,4932.YGL061C
4,4932.YER142C
4,4932.YMR168C
4,4932.YBR231C
4,4932.YFR016C
4,4932.YER164W
4,4932.YPL075W
4,4932.YER147C
4,4932.YKL113C
4,4932.YML085C
4,4932.YGR252W
4,4932.YOR026W
4,4932.YHR118C
4,4932.YML041C
4,4932.YDL070W
4,4932.YLR352W
4,4932.YOR156C
4,4932.YLR288C
4,4932.YMR277W
4,4932.YDR167W
4,4932.YDR311W
4,4932.YGR140W
4,4932.YLR102C
4,4932.YER070W
4,4932.YCL029C
4,4932.YMR030W
4,4932.YLL003W
4,4932.YDL115C
4,4932.YER111C
4,4932.YOL043C
4,4932.YKR008W
4,4932.YIL055C
4,4932.YPR119W
4,4932.YDL200C
4,4932.YNL136W
4,4932.YGR186W
4,4932.YJL025W
4,4932.YPR085C
4,4932.YAL040C
4,4932.YDR506C
4,4932.YER159C
4,4932.YLR176C
4,4932.YBL002W
4,4932.YKL028W
4,4932.YNL126W
4,4932.YGR099W
4,4932.YAR007C
4,4932.YML009W-B
4,4932.YLR234W
4,4932.YJL047C
4,4932.YFR013W
4,4932.YDL214C
4,4932.YJR094C
4,4932.YGL087C
4,4932.YNL261W
4,4932.YNL021W
4,4932.YBR081C
4,4932.YPL253C
4,4932.YCR081W
4,4932.YPR086W
4,4932.YEL003W
4,4932.YJL090C
4,4932.YMR043W
4,4932.YML065W
4,4932.YML090W
4,4932.YDR369C
4,4932.YOL012C
4,4932.YDR390C
4,4932.YDR013W
4,4932.YJR017C
4,4932.YDR004W
4,4932.YMR223W
4,4932.YPR031W
4,4932.YBR289W
4,4932.YGR104C
4,4932.YOR213C
4,4932.YNL282W
4,4932.YPR200C
4,4932.YMR258C
4,4932.YHR014W
4,4932.YPR162C
4,4932.YMR283C
4,4932.YLR235C
4,4932.YPL254W
4,4932.YMR270C
4,4932.YMR076C
4,4932.YCR090C
4,4932.YBL052C
4,4932.YFL029C
4,4932.YOR330C
4,4932.YJR136C
4,4932.YNR023W
4,4932.YER173W
4,4932.YFL008W
4,4932.YOR177C
4,4932.YLR052W
4,4932.YNL218W
4,4932.YPR175W
4,4932.YLR455W
4,4932.YGR270W
4,4932.YGL240W
4,4932.YAL011W
4,4932.YMR094W
4,4932.YNL215W
4,4932.YOR352W
4,4932.YOR033C
4,4932.YPR104C
4,4932.YBL018C
4,4932.YER066W
4,4932.YLR399C
4,4932.YDR532C
4,4932.YNL216W
4,4932.YDR460W
4,4932.YPL042C
4,4932.YCR086W
4,4932.YLR095C
4,4932.YLR381W
4,4932.YEL025C
4,4932.YPL228W
4,4932.YNL250W
4,4932.YKL017C
4,4932.YDL089W
4,4932.YDR439W
4,4932.YKR077W
4,4932.YNL107W
4,4932.YML069W
4,4932.YDL125C
4,4932.YER095W
4,4932.YCL010C
4,4932.YDR201W
4,4932.YPR186C
4,4932.YNL082W
4,4932.YEL018W
4,4932.YDR155C
4,4932.YBR098W
4,4932.YPL269W
4,4932.YPR133C
4,4932.YLL049W
4,4932.YHR172W
4,4932.YPR093C
4,4932.YPL124W
4,4932.YDR510W
4,4932.YJL072C
4,4932.YLR226W
4,4932.YOR073W
4,4932.YMR070W
4,4932.YGL207W
4,4932.YCR028C-A
4,4932.YHR207C
4,4932.YIR036C
4,4932.YNL159C
4,4932.YPL122C
4,4932.YKR054C
4,4932.YDR207C
4,4932.YAL034C
4,4932.YFL013C
4,4932.YOL090W
4,4932.YBR136W
4,4932.YNL039W
4,4932.YHR129C
4,4932.YKL058W
4,4932.YGR071C
4,4932.YPL255W
4,4932.YHR119W
4,4932.YDR488C
4,4932.YKR010C
4,4932.YGR109W-B
4,4932.YBL063W
4,4932.YBR166C
4,4932.YIL131C
4,4932.YJR035W
4,4932.YDR332W
4,4932.YLR418C
4,4932.YMR133W
4,4932.YER104W
4,4932.YMR201C
4,4932.YDR227W
4,4932.YJL176C
4,4932.YOR229W
4,4932.YBR280C
4,4932.YHR143W-A
4,4932.YMR039C
4,4932.YLR263W
4,4932.YDR446W
4,4932.YLR127C
4,4932.YOR123C
4,4932.YLR247C
4,4932.YDL139C
4,4932.YPR019W
4,4932.YHR144C
4,4932.YIL084C
4,4932.YDL003W
4,4932.YER022W
4,4932.YMR073C
4,4932.YGL060W
4,4932.YDL150W
4,4932.YFR036W
4,4932.YDR317W
4,4932.YPR025C
4,4932.YER132C
4,4932.YDL140C
4,4932.YMR198W
4,4932.YER139C
4,4932.YGL113W
4,4932.YER092W
4,4932.YLR128W
4,4932.YFR031C
4,4932.YGL194C
4,4932.YDL064W
4,4932.YNL161W
4,4932.YGR003W
4,4932.YER148W
4,4932.YBL008W
4,4932.YPR023C
4,4932.YHR151C
4,4932.YOL102C
4,4932.YPL047W
4,4932.YBR057C
4,4932.YJL019W
4,4932.YNL225C
4,4932.YBR198C
4,4932.YLR394W
4,4932.YKL033W
4,4932.YPL200W
4,4932.YHL024W
4,4932.YGL070C
4,4932.YKL185W
4,4932.YER044C-A
4,4932.YBR223C
4,4932.YBR275C
4,4932.YDR224C
4,4932.YBR253W
4,4932.YLR445W
4,4932.YJL081C
4,4932.YKL138C-A
4,4932.YHR079C-A
4,4932.YDR149C
4,4932.YLR442C
4,4932.YJR046W
4,4932.YGL201C
4,4932.YML102W
4,4932.YBR279W
4,4932.YJL015C
4,4932.YPR066W
4,4932.YMR199W
4,4932.YLR183C
4,4932.YPR018W
4,4932.YBR025C
4,4932.YPL008W
4,4932.YHR185C
4,4932.YDR359C
4,4932.YER116C
4,4932.YJL194W
4,4932.YNR009W
4,4932.YMR117C
4,4932.YDL156W
4,4932.YBR278W
4,4932.YJL127C
4,4932.YGL131C
4,4932.YKR025W
5,4932.YFL056C
5,4932.YOR303W
5,4932.YNL117W
5,4932.YLL055W
5,4932.YKL048C
5,4932.YOR360C
5,4932.YPL111W
5,4932.YOR107W
5,4932.YPL088W
5,4932.YHL011C
5,4932.YMR018W
5,4932.YOR323C
5,4932.YJR010W
5,4932.YNL160W
5,4932.YKL038W
5,4932.YGR061C
5,4932.YER003C
5,4932.YJR055W
5,4932.YOR236W
5,4932.YMR108W
5,4932.YCL058W-A
5,4932.YBR248C
5,4932.YML128C
5,4932.YDL080C
5,4932.YGR236C
5,4932.YCR010C
5,4932.YGR192C
5,4932.YNL191W
5,4932.YOL049W
5,4932.YJL022W
5,4932.YGL209W
5,4932.YPR027C
5,4932.YLR345W
5,4932.YGR065C
5,4932.YER015W
5,4932.YHR139C
5,4932.YLL059C
5,4932.YAR018C
5,4932.YLR151C
5,4932.YBR294W
5,4932.YPL147W
5,4932.YDR009W
5,4932.YJR096W
5,4932.YOL067C
5,4932.YIL006W
5,4932.YAL062W
5,4932.YIL094C
5,4932.YKR049C
5,4932.YPR064W
5,4932.YBR149W
5,4932.YPL189W
5,4932.YDL110C
5,4932.YAL018C
5,4932.YOR241W
5,4932.YCR005C
5,4932.YEL047C
5,4932.YPR035W
5,4932.YAL056C-A
5,4932.YOR126C
5,4932.YPL061W
5,4932.YBR126W-B
5,4932.YML107C
5,4932.YBR216C
5,4932.YJR130C
5,4932.YFR015C
5,4932.YAL038W
5,4932.YGL125W
5,4932.YEL046C
5,4932.YKL015W
5,4932.YGR168C
5,4932.YDR541C
5,4932.YHR216W
5,4932.YNL274C
5,4932.YLR326W
5,4932.YFL012W
5,4932.YOR246C
5,4932.YKL085W
5,4932.YBR203W
5,4932.YDR151C
5,4932.YNL277W
5,4932.YBR117C
5,4932.YLR460C
5,4932.YDR256C
5,4932.YER027C
5,4932.YDR421W
5,4932.YLR152C
5,4932.YOR101W
5,4932.YNR001C
5,4932.YNL015W
5,4932.YOR180C
5,4932.YJR090C
5,4932.YNL316C
5,4932.YDR253C
5,4932.YDR454C
5,4932.YKR097W
5,4932.YFL017C
5,4932.YBR263W
5,4932.YOR173W
5,4932.YMR152W
5,4932.YIR030C
5,4932.YOR268C
5,4932.YPL201C
5,4932.YGR289C
5,4932.YLR191W
5,4932.YKL024C
5,4932.YPL248C
5,4932.YGL179C
5,4932.YBR124W
5,4932.YKL093W
5,4932.YHL012W
5,4932.YDR135C
5,4932.YLR011W
5,4932.YPR184W
5,4932.YMR207C
5,4932.YGL259W
5,4932.YLR278C
5,4932.YER067C-A
5,4932.YML028W
5,4932.YOR302W
5,4932.YGR043C
5,4932.YHR140W
5,4932.YPL274W
5,4932.YNR012W
5,4932.YBL039W-B
5,4932.YGL009C
5,4932.YLR270W
5,4932.YEL038W
5,4932.YBR139W
5,4932.YER056C
5,4932.YIR031C
5,4932.YHR137W
5,4932.YBR176W
5,4932.YJR078W
5,4932.YOR120W
5,4932.YFL046W
5,4932.YDR479C
5,4932.YJL214W
5,4932.YJR148W
5,4932.YGL157W
5,4932.YAR015W
5,4932.YDR343C
5,4932.YCR105W
5,4932.YBL015W
5,4932.YEL014C
5,4932.YMR120C
5,4932.YOR283W
5,4932.YJR069C
5,4932.YAL044C
5,4932.YKR066C
5,4932.YBR168W
5,4932.YLR451W
5,4932.YJL218W
5,4932.YLR081W
5,4932.YNL103W
5,4932.YDL130W-A
5,4932.YGL037C
5,4932.YHR094C
5,4932.YJL121C
5,4932.YDR508C
5,4932.YCL048W-A
5,4932.YBR298C
5,4932.YER055C
5,4932.YGL234W
5,4932.YOL052C
5,4932.YGL062W
5,4932.YBR126W-A
5,4932.YGL148W
5,4932.YLR126C
5,4932.YAL022C
5,4932.YPL265W
5,4932.YDR524C-B
5,4932.YML050W
5,4932.YIL010W
5,4932.YKR009C
5,4932.YNL202W
5,4932.YMR084W
5,4932.YMR226C
5,4932.YOL119C
5,4932.YBR066C
5,4932.YDR244W
5,4932.YDR050C
5,4932.YMR280C
5,4932.YHR042W
5,4932.YDR242W
5,4932.YMR041C
5,4932.YBR046C
5,4932.YOR055W
5,4932.YPR071W
5,4932.YOL015W
5,4932.YEL034C-A
5,4932.YGL205W
5,4932.YDR148C
5,4932.YKR076W
5,4932.YBR053C
5,4932.YPR001W
5,4932.YOR235W
5,4932.YER086W
5,4932.YAR075W
5,4932.YOL147C
5,4932.YMR278W
5,4932.YLR082C
5,4932.YHR096C
5,4932.YJL222W
5,4932.YEL021W
5,4932.YIR037W
5,4932.YBR126C
5,4932.YBR239C
5,4932.YOL056W
5,4932.YDL241W
5,4932.YGL224C
5,4932.YCR100C
5,4932.YJL144W
5,4932.YDL236W
5,4932.YCL035C
5,4932.YHR074W
5,4932.YEL045C
5,4932.YPR026W
5,4932.YDL138W
5,4932.YOR306C
5,4932.YDR173C
5,4932.YLR307C-A
5,4932.YBR013C
5,4932.YIL107C
5,4932.YHR097C
5,4932.YKL187C
5,4932.YGR096W
5,4932.YNL214W
5,4932.YKR043C
5,4932.YML042W
5,4932.YPL112C
5,4932.YDL222C
5,4932.YAL060W
5,4932.YOR130C
5,4932.YJL161W
5,4932.YBR019C
5,4932.YGR260W
5,4932.YDR158W
5,4932.YLR213C
5,4932.YKL035W
5,4932.YEL071W
5,4932.YLR256W-A
5,4932.YFR044C
5,4932.YMR323W
5,4932.YDR102C
5,4932.YJR024C
5,4932.YJL156C
5,4932.YFR047C
5,4932.YBR104W
5,4932.YNR016C
5,4932.YFR017C
5,4932.YJR108W
5,4932.YJR103W
5,4932.YPR199C
5,4932.YOR388C
5,4932.YOR184W
5,4932.YMR250W
5,4932.YLR307W
5,4932.YCL018W
5,4932.YOR111W
5,4932.YKL142W
5,4932.YLL026W
5,4932.YIL165C
5,4932.YPL281C
5,4932.YHL021C
5,4932.YNL183C
5,4932.YMR230W-A
5,4932.YJL222W-A
5,4932.YEL064C
5,4932.YLR134W
5,4932.YCL040W
5,4932.YNR057C
5,4932.YLR142W
5,4932.YKL071W
5,4932.YFL053W
5,4932.YLR355C
5,4932.YLR420W
5,4932.YIL152W
5,4932.YLR245C
5,4932.YPL188W
5,4932.YOR365C
5,4932.YHL036W
5,4932.YNL129W
5,4932.YOR221C
5,4932.YDR262W
5,4932.YNL190W
5,4932.YPL052W
5,4932.YIR023W
5,4932.YER081W
5,4932.YOR193W
5,4932.YGR287C
5,4932.YLR044C
5,4932.YLR092W
5,4932.YDL124W
5,4932.YKL060C
5,4932.YMR102C
5,4932.YML004C
5,4932.YIL099W
5,4932.YPR145W
5,4932.YLR157W-E
5,4932.YBR284W
5,4932.YJR059W
5,4932.YJR104C
5,4932.YKL197C
5,4932.YOR093C
5,4932.YNR056C
5,4932.YDL106C
5,4932.YGL026C
5,4932.YGL154C
5,4932.YDL204W
5,4932.YMR163C
5,4932.YKL104C
5,4932.YOR047C
5,4932.YJR137C
5,4932.YMR169C
5,4932.YMR271C
5,4932.YLR109W
5,4932.YBL012C
5,4932.YOR128C
5,4932.YCR036W
5,4932.YIL036W
5,4932.YMR026C
5,4932.YGR267C
5,4932.YDR051C
5,4932.YML035C
5,4932.YLR155C
5,4932.YOR390W
5,4932.YGL138C
5,4932.YGR028W
5,4932.YPL222W
5,4932.YAR027W
5,4932.YMR174C
5,4932.YBR213W
5,4932.YGL248W
5,4932.YLR111W
5,4932.YHR018C
5,4932.YBR196C
5,4932.YLR209C
5,4932.YLR258W
5,4932.YGR256W
5,4932.YNL314W
5,4932.YLR017W
5,4932.YJR149W
5,4932.YJR154W
5,4932.YGL067W
5,4932.YGR209C
5,4932.YFR029W
5,4932.YLR178C
5,4932.YJR133W
5,4932.YDL066W
5,4932.YFR026C
5,4932.YDR216W
5,4932.YMR318C
5,4932.YIL136W
5,4932.YJL060W
5,4932.YEL011W
5,4932.YBR067C
5,4932.YDL215C
5,4932.YHR208W
5,4932.YHR150W
5,4932.YDR019C
5,4932.YJL155C
5,4932.YNR034W-A
5,4932.YNL105W
5,4932.YCL048W
5,4932.YOR155C
5,4932.YDR533C
5,4932.YKL211C
5,4932.YBL083C
5,4932.YBR115C
5,4932.YDR516C
5,4932.YER023W
5,4932.YPL230W
5,4932.YAL008W
5,4932.YBR242W
5,4932.YOR280C
5,4932.YHR135C
5,4932.YKL026C
5,4932.YBR208C
5,4932.YBL064C
5,4932.YOR285W
5,4932.YER069W
5,4932.YPL247C
5,4932.YGR019W
5,4932.YPR201W
5,4932.YLR231C
5,4932.YCR004C
5,4932.YER067W
5,4932.YOL118C
5,4932.YGL253W
5,4932.YGL115W
5,4932.YOL163W
5,4932.YBR020W
5,4932.YHR009C
5,4932.YOR375C
5,4932.YJR160C
5,4932.YIL053W
5,4932.YGR088W
5,4932.YCL026C-A
5,4932.YKL151C
5,4932.YEL035C
5,4932.YOR389W
5,4932.YER175C
5,4932.YKL070W
5,4932.YEL041W
5,4932.YKR039W
5,4932.YNL256W
5,4932.YLR327C
5,4932.YLR028C
5,4932.YDR520C
5,4932.YPL279C
5,4932.YBR084W
5,4932.YBR056W
5,4932.YHL016C
5,4932.YJL164C
5,4932.YML022W
5,4932.YJR095W
5,4932.YJR155W
5,4932.YDR020C
5,4932.YER178W
5,4932.YGL208W
5,4932.YBR244W
5,4932.YNL329C
5,4932.YBR026C
5,4932.YGR248W
5,4932.YGR031W
5,4932.YDR399W
5,4932.YDL182W
5,4932.YOL058W
5,4932.YMR266W
5,4932.YKL091C
5,4932.YHR053C
5,4932.YDL103C
5,4932.YER170W
5,4932.YOL086C
5,4932.YLL062C
5,4932.YML020W
5,4932.YPL186C
5,4932.YIR017C
5,4932.YAL059C-A
5,4932.YGR263C
5,4932.YDR453C
5,4932.YBR022W
5,4932.YOR374W
5,4932.YCR107W
5,4932.YOR391C
5,4932.YPL171C
5,4932.YIL033C
5,4932.YBR129C
5,4932.YGL035C
5,4932.YGR012W
5,4932.YKR093W
5,4932.YKL120W
5,4932.YDR345C
5,4932.YPR060C
5,4932.YJL028W
5,4932.YIL057C
5,4932.YBR218C
5,4932.YLR296W
5,4932.YMR321C
5,4932.YBR111C
5,4932.YBL068W-A
5,4932.YDL141W
5,4932.YML057C-A
5,4932.YLR098C
5,4932.YDR215C
5,4932.YLR174W
5,4932.YCR012W
5,4932.YAL054C
5,4932.YKL217W
5,4932.YJL217W
5,4932.YEL020C
5,4932.YKL055C
5,4932.YAL061W
5,4932.YCL046W
5,4932.YJL206C
5,4932.YER150W
5,4932.YMR011W
5,4932.YBR291C
5,4932.YGL262W
5,4932.YIL043C
5,4932.YDL174C
5,4932.YHR163W
5,4932.YBR016W
5,4932.YDL035C
5,4932.YJL005W
5,4932.YKR074W
5,4932.YDR430C
5,4932.YMR113W
5,4932.YEL070W
5,4932.YHR092C
5,4932.YOL126C
5,4932.YMR251W-A
5,4932.YMR300C
5,4932.YDR342C
5,4932.YIR038C
5,4932.YER061C
5,4932.YFL018C
5,4932.YLR162W-A
5,4932.YBR116C
5,4932.YIR034C
5,4932.YLR304C
5,4932.YOL162W
5,4932.YLR027C
5,4932.YDR035W
5,4932.YMR315W
5,4932.YER043C
5,4932.YCL026C-B
5,4932.YKL166C
5,4932.YIL051C
5,4932.YNL220W
5,4932.YER020W
5,4932.YCL047C
5,4932.YDR160W
5,4932.YBR132C
5,4932.YDL021W
5,4932.YGL202W
5,4932.YJR105W
5,4932.YJL071W
5,4932.YJR109C
5,4932.YPL154C
5,4932.YDR329C
5,4932.YBL068W
5,4932.YDR502C
5,4932.YDL210W
5,4932.YOR393W
5,4932.YDR034W-B
5,4932.YJR008W
5,4932.YIR027C
5,4932.YLR058C
5,4932.YOR040W
5,4932.YHR037W
5,4932.YER040W
5,4932.YGL056C
5,4932.YIL056W
5,4932.YPL245W
5,4932.YGR213C
5,4932.YDR354W
5,4932.YDR246W-A
5,4932.YFR030W
5,4932.YNL200C
5,4932.YOL064C
5,4932.YBR052C
5,4932.YDL194W
5,4932.YOR347C
5,4932.YDL168W
5,4932.YOL151W
5,4932.YDR171W
5,4932.YDL197C
5,4932.YIL166C
5,4932.YNL228W
5,4932.YLR346C
5,4932.YDR003W
5,4932.YDL247W
5,4932.YML082W
5,4932.YFL045C
5,4932.YPR006C
5,4932.YJL089W
5,4932.YOL157C
5,4932.YJL110C
5,4932.YJL052W
5,4932.YIR040C
5,4932.YGR004W
5,4932.YML048W
5,4932.YJL088W
5,4932.YJL052C-A
5,4932.YDR358W
5,4932.YLL056C
5,4932.YHR146W
5,4932.YMR042W
5,4932.YAL067C
5,4932.YJR159W
5,4932.YGR026W
5,4932.YDL242W
5,4932.YLR446W
5,4932.YPL034W
5,4932.YCL030C
5,4932.YEL060C
5,4932.YOL044W
5,4932.YOR282W
5,4932.YMR206W
5,4932.YGL114W
5,4932.YJL126W
5,4932.YMR289W
5,4932.YDL246C
5,4932.YBL044W
5,4932.YFL033C
5,4932.YHR106W
5,4932.YGL184C
5,4932.YDR277C
5,4932.YBR299W
5,4932.YBR214W
5,4932.YJL146W
5,4932.YKL128C
5,4932.YOL164W
5,4932.YBR144C
5,4932.YCL050C
5,4932.YOR013W
5,4932.YML104C
5,4932.YLR070C
5,4932.YJL212C
5,4932.YNL241C
5,4932.YNL104C
5,4932.YLR359W
5,4932.YLL057C
5,4932.YLR043C
5,4932.YKL188C
5,4932.YML086C
5,4932.YGR155W
5,4932.YML089C
5,4932.YJL221C
5,4932.YJL070C
5,4932.YER039C-A
5,4932.YDR074W
5,4932.YDR400W
5,4932.YDR530C
5,4932.YBR071W
5,4932.YDL243C
5,4932.YJL200C
5,4932.YDL238C
5,4932.YHR002W
5,4932.YLR284C
5,4932.YOR100C
5,4932.YBR001C
5,4932.YKL150W
5,4932.YDR540C
5,4932.YOL084W
5,4932.YLL058W
5,4932.YDL212W
5,4932.YER073W
5,4932.YCL025C
5,4932.YLR153C
5,4932.YFR006W
5,4932.YIL173W
5,4932.YPL262W
5,4932.YLR110C
5,4932.YAL056W
5,4932.YDR380W
5,4932.YJL137C
5,4932.YHL018W
5,4932.YER180C-A
5,4932.YHR160C
5,4932.YPL222C-A
5,4932.YBR221C
5,4932.YLR351C
5,4932.YGR247W
5,4932.YBR018C
5,4932.YER183C
5,4932.YBR047W
5,4932.YDL178W
5,4932.YGR016W
5,4932.YJR019C
5,4932.YER060W-A
5,4932.YOR012W
5,4932.YGL258W-A
5,4932.YCL023C
5,4932.YMR291W
5,4932.YHR087W
5,4932.YBL010C
5,4932.YLL060C
5,4932.YOL052C-A
5,4932.YJR009C
5,4932.YOR095C
5,4932.YDL079C
5,4932.YJL142C
5,4932.YIL125W
5,4932.YPL141C
5,4932.YDR007W
5,4932.YHL032C
5,4932.YDR032C
5,4932.YIL162W
5,4932.YNL173C
5,4932.YKL001C
5,4932.YML051W
5,4932.YCL033C
5,4932.YIR007W
5,4932.YHR006W
5,4932.YGL263W
5,4932.YGL162W
5,4932.YPL282C
5,4932.YKR069W
5,4932.YOR161C
5,4932.YJL222W-B
5,4932.YCR102C
5,4932.YKR099W
5,4932.YBR281C
5,4932.YOL140W
5,4932.YKL215C
5,4932.YOR135C
5,4932.YMR083W
5,4932.YEL023C
5,4932.YDR353W
5,4932.YNL071W
5,4932.YIL172C
5,4932.YJL046W
5,4932.YPR160W
5,4932.YGR124W
5,4932.YKL132C
5,4932.YHR008C
5,4932.YOR392W
5,4932.YBR297W
5,4932.YBR235W
5,4932.YLR251W
5,4932.YOL165C
5,4932.YML007W
5,4932.YDR428C
5,4932.YGR010W
5,4932.YGL196W
5,4932.YBR145W
5,4932.YBL036C
5,4932.YFL021W
5,4932.YPR062W
5,4932.YOR071C
5,4932.YDL086W
5,4932.YOR286W
5,4932.YDR034C
5,4932.YLR303W
5,4932.YDR248C
5,4932.YGR131W
5,4932.YOL136C
5,4932.YIR029W
5,4932.YOR371C
5,4932.YAR073W
5,4932.YPL004C
5,4932.YOR376W-A
5,4932.YGL153W
5,4932.YPL133C
5,4932.YPL023C
5,4932.YGR292W
5,4932.YLR146C
5,4932.YOR202W
5,4932.YHR067W
5,4932.YML056C
5,4932.YDR477W
5,4932.YGR239C
5,4932.YBR230C
5,4932.YEL058W
5,4932.YNL307C
5,4932.YAL055W
5,4932.YGR031C-A
5,4932.YCL021W-A
5,4932.YLR438W
5,4932.YCL064C
5,4932.YIR032C
5,4932.YDL171C
5,4932.YMR251W
5,4932.YKR058W
5,4932.YPR174C
5,4932.YCL009C
5,4932.YBR032W
5,4932.YJR060W
5,4932.YMR204C
5,4932.YOR289W
5,4932.YCR102W-A
5,4932.YNL275W
5,4932.YGR055W
5,4932.YML070W
5,4932.YCR073W-A
5,4932.YBR151W
5,4932.YMR099C
5,4932.YPR002W
5,4932.YOR209C
5,4932.YJL055W
5,4932.YMR009W
5,4932.YLR180W
5,4932.YFL055W
5,4932.YFL030W
5,4932.YKL152C
5,4932.YGR288W
5,4932.YPL038W
5,4932.YIL020C
5,4932.YER024W
5,4932.YKL065W-A
5,4932.YIL116W
5,4932.YGL193C
5,4932.YGR052W
5,4932.YER091C
5,4932.YNL098C
5,4932.YDR234W
5,4932.YML108W
5,4932.YNR002C
5,4932.YHR174W
5,4932.YER065C
5,4932.YLR324W
5,4932.YLR149C
5,4932.YCR083W
5,4932.YNL154C
5,4932.YMR175W
5,4932.YDR272W
5,4932.YKL067W
5,4932.YOL166W-A
5,4932.YLR014C
5,4932.YCR099C
5,4932.YBL098W
5,4932.YDL065C
5,4932.YOL166C
5,4932.YML131W
5,4932.YPR003C
5,4932.YDL173W
5,4932.YPR069C
5,4932.YDR127W
5,4932.YJL130C
5,4932.YFL014W
5,4932.YNL195C
5,4932.YLR328W
5,4932.YLL061W
5,4932.YNR050C
5,4932.YDR368W
5,4932.YDL247W-A
5,4932.YBR068C
5,4932.YDR441C
5,4932.YJL210W
5,4932.YNL311C
5,4932.YKL127W
5,4932.YMR122W-A
5,4932.YKL106W
5,4932.YBR177C
5,4932.YLR364W
5,4932.YKL086W
5,4932.YBL001C
5,4932.YDL131W
5,4932.YJL141C
5,4932.YPL099C
5,4932.YGR111W
5,4932.YER052C
5,4932.YBL013W
5,4932.YDL223C
5,4932.YPR118W
5,4932.YPL203W
5,4932.YER053C
5,4932.YFR032C
5,4932.YLR232W
5,4932.YDR424C
5,4932.YJR056C
5,4932.YHR055C
5,4932.YGR121C
5,4932.YCL028W
5,4932.YHR033W
5,4932.YDR513W
5,4932.YPR074C
5,4932.YER163C
5,4932.YER129W
5,4932.YMR103C
5,4932.YCL057W
5,4932.YPL273W
5,4932.YLR354C
5,4932.YJL101C
5,4932.YPL123C
5,4932.YMR107W
5,4932.YMR085W
5,4932.YGR205W
5,4932.YMR170C
5,4932.YDR142C
5,4932.YDR070C
5,4932.YIL101C
5,4932.YMR105C
5,4932.YKL029C
5,4932.YFR025C
5,4932.YKR034W
5,4932.YPL280W
5,4932.YEL063C
5,4932.YDL078C
5,4932.YFR057W
5,4932.YCL056C
5,4932.YIL028W
5,4932.YMR205C
5,4932.YDR001C
5,4932.YJR049C
5,4932.YPL095C
5,4932.YDR125C
5,4932.YDL170W
5,4932.YDR300C
5,4932.YOR142W
5,4932.YNL229C
5,4932.YGR177C
5,4932.YLR239C
5,4932.YIL164C
5,4932.YOL020W
5,4932.YML096W
5,4932.YJL216C
5,4932.YMR123W
5,4932.YML100W
5,4932.YNL142W
5,4932.YPL223C
5,4932.YDR408C
5,4932.YJL027C
5,4932.YKL181W
5,4932.YMR139W
5,4932.YMR027W
5,4932.YIL089W
5,4932.YKL182W
5,4932.YDR111C
5,4932.YPL091W
5,4932.YOR377W
5,4932.YLR252W
5,4932.YJR061W
5,4932.YMR303C
5,4932.YLR089C
5,4932.YHR025W
5,4932.YPL150W
5,4932.YNR058W
5,4932.YBR298C-A
5,4932.YEL017W
5,4932.YPL225W
5,4932.YGR194C
5,4932.YML099C
5,4932.YML106W
5,4932.YDR241W
5,4932.YOR068C
5,4932.YNR033W
5,4932.YNL194C
5,4932.YMR196W
5,4932.YNL331C
5,4932.YGR244C
5,4932.YLR432W
5,4932.YPR194C
5,4932.YMR189W
5,4932.YPR128C
5,4932.YNL268W
5,4932.YHR183W
5,4932.YPL231W
5,4932.YFL010W-A
5,4932.YDL245C
5,4932.YOR271C
5,4932.YJR025C
5,4932.YDL169C
5,4932.YGR087C
5,4932.YLR308W
5,4932.YDR223W
5,4932.YEL016C
5,4932.YER090W
5,4932.YLR299W
5,4932.YBL043W
5,4932.YOL081W
5,4932.YDR321W
5,4932.YGR133W
5,4932.YFR053C
5,4932.YGR015C
5,4932.YMR081C
5,4932.YMR062C
5,4932.YLR389C
5,4932.YMR322C
5,4932.YGL117W
5,4932.YLL015W
5,4932.YOR136W
5,4932.YNL115C
5,4932.YDR305C
5,4932.YLL048C
5,4932.YGR204W
5,4932.YGR254W
5,4932.YDR422C
5,4932.YLR083C
5,4932.YPL017C
5,4932.YHR138C
5,4932.YPR138C
5,4932.YOL045W
5,4932.YOR251C
5,4932.YMR210W
5,4932.YOR355W
5,4932.YBL089W
5,4932.YER005W
5,4932.YGL121C
5,4932.YER099C
5,4932.YPR167C
5,4932.YIR028W
5,4932.YFL057C
5,4932.YOR108W
5,4932.YJR152W
5,4932.YPL113C
5,4932.YKR064W
5,4932.YDR282C
5,4932.YBR222C
5,4932.YNL009W
5,4932.YGR193C
5,4932.YOL128C
5,4932.YFR055W
5,4932.YNR014W
5,4932.YOR203W
5,4932.YGR127W
5,4932.YKL109W
5,4932.YBR249C
5,4932.YGR077C
5,4932.YER062C
5,4932.YNL037C
5,4932.YLR377C
5,4932.YJL068C
5,4932.YBR140C
5,4932.YGR240C
5,4932.YDR463W
5,4932.YJR016C
5,4932.YER042W
5,4932.YKL069W
5,4932.YNR034W
5,4932.YKR080W
5,4932.YNR072W
5,4932.YER152C
5,4932.YLR177W
5,4932.YDR371W
5,4932.YNL010W
5,4932.YDR265W
5,4932.YDR210W
5,4932.YAR035W
5,4932.YAL012W
5,4932.YDL022W
5,4932.YOR348C
5,4932.YBR006W
5,4932.YGR008C
5,4932.YGL256W
5,4932.YOL061W
5,4932.YHR104W
5,4932.YMR136W
5,4932.YBR072W
5,4932.YJR139C
5,4932.YIL160C
5,4932.YBR300C
5,4932.YDR226W
5,4932.YDR046C
5,4932.YKL184W
5,4932.YMR110C
5,4932.YBL029C-A
5,4932.YJR107W
5,4932.YJR158W
5,4932.YHR128W
5,4932.YOR394W
5,4932.YNL134C
5,4932.YMR090W
5,4932.YGR154C
5,4932.YIL074C
5,4932.YMR261C
7,4932.YGL077C
7,4932.YNL032W
7,4932.YGR045C
7,4932.YPR121W
7,4932.YEL007W
7,4932.YNL056W
7,4932.YLR195C
7,4932.YEL059W
7,4932.YNL199C
7,4932.YNL143C
7,4932.YPL058C
7,4932.YBR296C
7,4932.YPL260W
7,4932.YDL054C
7,4932.YHL020C
7,4932.YML125C
7,4932.YEL029C
7,4932.YDR402C
7,4932.YIR020C
7,4932.YOL089C
7,4932.YFR039C
7,4932.YOR267C
7,4932.YMR015C
7,4932.YGL072C
7,4932.YNR063W
7,4932.YGL231C
7,4932.YOR298W
7,4932.YMR135C
7,4932.YMR208W
7,4932.YER134C
7,4932.YDR284C
7,4932.YGL126W
7,4932.YJL163C
7,4932.YDR403W
7,4932.YCR019W
7,4932.YBL096C
7,4932.YCR098C
7,4932.YNL334C
7,4932.YNL087W
7,4932.YDL211C
7,4932.YLR413W
7,4932.YEL073C
7,4932.YDR481C
7,4932.YKL033W-A
7,4932.YOR380W
7,4932.YER026C
7,4932.YDR438W
7,4932.YBR138C
7,4932.YBR240C
7,4932.YNL176C
7,4932.YGR259C
7,4932.YCL073C
7,4932.YPL028W
7,4932.YDR250C
7,4932.YPR050C
7,4932.YNR029C
7,4932.YDR147W
7,4932.YMR220W
7,4932.YMR155W
7,4932.YPL069C
7,4932.YPR139C
7,4932.YBL033C
7,4932.YGR290W
7,4932.YGL012W
7,4932.YDR455C
7,4932.YNL332W
7,4932.YPL170W
7,4932.YGL177W
7,4932.YFL060C
7,4932.YEL006W
7,4932.YLR267W
7,4932.YLR410W-B
7,4932.YAL051W
7,4932.YOL075C
7,4932.YOR171C
7,4932.YLR450W
7,4932.YJL107C
7,4932.YOR344C
7,4932.YEL033W
7,4932.YMR246W
7,4932.YLR228C
7,4932.YLR358C
7,4932.YLR331C
7,4932.YCR007C
7,4932.YGL218W
7,4932.YNL170W
7,4932.YOR255W
7,4932.YBR035C
7,4932.YCR047W-A
7,4932.YLL014W
7,4932.YGR224W
7,4932.YCR022C
7,4932.YPR113W
7,4932.YPL006W
7,4932.YDR406W
7,4932.YPR073C
7,4932.YJL167W
7,4932.YBR157C
7,4932.YDR476C
7,4932.YJL219W
7,4932.YLR404W
7,4932.YDR123C
7,4932.YLR456W
7,4932.YNR013C
7,4932.YBL094C
7,4932.YIL124W
7,4932.YOR242C
7,4932.YIL121W
7,4932.YLL012W
7,4932.YFL034W
7,4932.YHR201C
7,4932.YER078W-A
7,4932.YNR061C
7,4932.YOL159C-A
7,4932.YIL123W
7,4932.YDR503C
7,4932.YML076C
7,4932.YGL081W
7,4932.YCR026C
7,4932.YEL068C
7,4932.YIL090W
7,4932.YKL037W
7,4932.YCR048W
7,4932.YCR045C
7,4932.YNR043W
7,4932.YGR038W
7,4932.YDR319C
7,4932.YNL040W
7,4932.YCL005W
7,4932.YGR049W
7,4932.YBR041W
7,4932.YLR338W
7,4932.YKR067W
7,4932.YBR092C
7,4932.YJL134W
7,4932.YGL228W
7,4932.YER180C
7,4932.YKL207W
7,4932.YLR246W
7,4932.YLL028W
7,4932.YMR202W
7,4932.YIL097W
7,4932.YER037W
7,4932.YPR147C
7,4932.YFR018C
7,4932.YGR281W
7,4932.YMR279C
7,4932.YLR410W
7,4932.YLR031W
7,4932.YER079W
7,4932.YPL261C
7,4932.YNL335W
7,4932.YER119C
7,4932.YJL153C
7,4932.YBL005W-B
7,4932.YER019W
7,4932.YDL012C
7,4932.YKR104W
7,4932.YPL117C
7,4932.YHL035C
7,4932.YPR157W
7,4932.YBR093C
7,4932.YGR149W
7,4932.YBL091C-A
7,4932.YKR100C
7,4932.YLR118C
7,4932.YOL137W
7,4932.YCL069W
7,4932.YOR059C
7,4932.YIL054W
7,4932.YML126C
7,4932.YDR011W
7,4932.YPL087W
7,4932.YOR084W
7,4932.YOR086C
7,4932.YGL013C
7,4932.YNR066C
7,4932.YCL004W
7,4932.YDR018C
7,4932.YJR073C
7,4932.YOL011W
7,4932.YOL103W
7,4932.YHR046C
7,4932.YML059C
7,4932.YLR004C
7,4932.YMR184W
7,4932.YGR233C
7,4932.YOR172W
7,4932.YDL218W
7,4932.YFL059W
7,4932.YBR293W
7,4932.YKR103W
7,4932.YBL011W
7,4932.YJR142W
7,4932.YCR020C
7,4932.YNL171C
7,4932.YDR062W
7,4932.YDR497C
7,4932.YBR276C
7,4932.YDR017C
7,4932.YCR023C
7,4932.YPL206C
7,4932.YOR105W
7,4932.YOR072W
7,4932.YFR034C
7,4932.YBR265W
7,4932.YIL017C
7,4932.YOR175C
7,4932.YML116W
7,4932.YCR011C
7,4932.YGL230C
7,4932.YGR143W
7,4932.YBR043C
7,4932.YGR110W
7,4932.YHR123W
7,4932.YPR008W
7,4932.YPL057C
7,4932.YPL214C
7,4932.YBR233W
7,4932.YOR345C
7,4932.YNL320W
7,4932.YBR042C
7,4932.YOR378W
7,4932.YOR162C
7,4932.YJR001W
7,4932.YNL094W
7,4932.YLL063C
7,4932.YOR328W
7,4932.YHL003C
7,4932.YGR046W
7,4932.YNR019W
7,4932.YLR237W
7,4932.YNL099C
7,4932.YHR127W
7,4932.YKR004C
7,4932.YKR106W
7,4932.YMR178W
7,4932.YNL169C
7,4932.YBR159W
7,4932.YLR056W
7,4932.YDL048C
7,4932.YBR204C
7,4932.YBL048W
7,4932.YHR112C
7,4932.YDR487C
7,4932.YOR245C
7,4932.YBR008C
7,4932.YDR367W
7,4932.YGR170W
7,4932.YHR045W
7,4932.YER120W
7,4932.YKL065C
7,4932.YDL176W
7,4932.YDL015C
7,4932.YGR066C
7,4932.YGR037C
7,4932.YHR100C
7,4932.YLR100W
7,4932.YMR006C
7,4932.YHR049W
7,4932.YNL065W
7,4932.YPL062W
7,4932.YMR272C
7,4932.YDR033W
7,4932.YER080W
7,4932.YHR007C
7,4932.YBR161W
7,4932.YBR285W
7,4932.YLR297W
7,4932.YML087C
7,4932.YPL019C
7,4932.YDR236C
7,4932.YNL181W
7,4932.YDR187C
7,4932.YML018C
7,4932.YPL033C
7,4932.YAR042W
7,4932.YMR087W
7,4932.YDR203W
7,4932.YLR020C
7,4932.YER033C
7,4932.YHR173C
7,4932.YBR183W
7,4932.YHL029C
7,4932.YDL142C
7,4932.YPR172W
7,4932.YAL049C
7,4932.YER113C
7,4932.YMR147W
7,4932.YDR072C
7,4932.YDR119W
7,4932.YLR372W
7,4932.YCR095C
7,4932.YOL048C
7,4932.YIL013C
7,4932.YCL045C
7,4932.YOR247W
7,4932.YPL102C
7,4932.YLR350W
7,4932.YPL103C
7,4932.YBR086C
7,4932.YPL246C
7,4932.YDR287W
7,4932.YJL198W
7,4932.YBR105C
7,4932.YKR089C
7,4932.YBR194W
7,4932.YDL046W
7,4932.YNL231C
7,4932.YGR007W
7,4932.YHR178W
7,4932.YIL120W
7,4932.YNR070W
7,4932.YKR031C
7,4932.YHR190W
7,4932.YKL118W
7,4932.YBR058C-A
7,4932.YGR060W
7,4932.YMR298W
7,4932.YNL095C
7,4932.YDL144C
7,4932.YGL084C
7,4932.YFR007W
7,4932.YJL082W
7,4932.YGL235W
7,4932.YIL047C
7,4932.YPL191C
7,4932.YGL188C-A
7,4932.YHR215W
7,4932.YKL008C
7,4932.YOR050C
7,4932.YPR156C
7,4932.YGL001C
7,4932.YKL140W
7,4932.YER084W
7,4932.YPL258C
7,4932.YML123C
7,4932.YOL055C
7,4932.YJL012C
7,4932.YLR436C
7,4932.YOL108C
7,4932.YJR116W
7,4932.YDL052C
7,4932.YLR054C
7,4932.YCR034W
7,4932.YGR176W
7,4932.YCR051W
7,4932.YMR096W
7,4932.YIL027C
7,4932.YML008C
7,4932.YHR048W
7,4932.YDR294C
7,4932.YDR056C
7,4932.YHR202W
7,4932.YOL047C
7,4932.YPR127W
7,4932.YNL318C
7,4932.YJL108C
7,4932.YMR031W-A
7,4932.YMR095C
7,4932.YOR003W
7,4932.YNL091W
7,4932.YJR156C
7,4932.YLR133W
7,4932.YDR366C
7,4932.YHR072W
7,4932.YER044C
7,4932.YIL155C
7,4932.YDR068W
7,4932.YDR255C
7,4932.YNL184C
7,4932.YDL024C
7,4932.YGL227W
7,4932.YMR088C
7,4932.YKL094W
7,4932.YML072C
7,4932.YJL038C
7,4932.YJL097W
7,4932.YDR297W
7,4932.YJL196C
7,4932.YMR144W
7,4932.YJL160C
7,4932.YMR148W
7,4932.YMR313C
7,4932.YJL175W
7,4932.YJL016W
7,4932.YJL117W
7,4932.YOR153W
7,4932.YIL009W
7,4932.YNL140C
7,4932.YEL012W
7,4932.YDR058C
7,4932.YBR054W
7,4932.YOR317W
7,4932.YPL110C
7,4932.YIL088C
7,4932.YGR157W
7,4932.YOR081C
7,4932.YGL055W
7,4932.YGR175C
7,4932.YPR114W
7,4932.YBL031W
7,4932.YPR089W
7,4932.YDR213W
7,4932.YNL089C
7,4932.YGR017W
7,4932.YLR266C
7,4932.YNL130C
7,4932.YJR088C
7,4932.YCR025C
7,4932.YER072W
7,4932.YKL004W
7,4932.YJR037W
7,4932.YOL156W
7,4932.YLR379W
7,4932.YNL101W
7,4932.YBR036C
7,4932.YNL280C
7,4932.YJR111C
7,4932.YEL008W
7,4932.YFL058W
7,4932.YDL244W
7,4932.YNL333W
7,4932.YIR013C
7,4932.YNR055C
7,4932.YOR311C
7,4932.YDR475C
7,4932.YLR012C
7,4932.YHR131C
7,4932.YDR157W
7,4932.YOR192C
7,4932.YGR069W
7,4932.YOL059W
7,4932.YGR144W
7,4932.YER130C
7,4932.YOR032C
7,4932.YJR114W
7,4932.YEL069C
7,4932.YMR034C
7,4932.YDR315C
7,4932.YBL049W
7,4932.YDL237W
7,4932.YOR049C
7,4932.YGR125W
7,4932.YMR165C
7,4932.YHR086W-A
7,4932.YNL179C
7,4932.YBR029C
7,4932.YOL143C
7,4932.YKR105C
7,4932.YBR106W
7,4932.YGR138C
7,4932.YKR053C
7,4932.YGR141W
7,4932.YKL198C
7,4932.YGR202C
7,4932.YCR037C
7,4932.YDL045C
7,4932.YLR099C
7,4932.YBR256C
7,4932.YPR140W
7,4932.YCL039W
7,4932.YNR008W
7,4932.YBR153W
7,4932.YAR071W
7,4932.YDR275W
7,4932.YOR097C
7,4932.YEL072W
7,4932.YKR046C
7,4932.YLR242C
7,4932.YML075C
7,4932.YJL064W
7,4932.YGL221C
7,4932.YJL192C
7,4932.YOR248W
7,4932.YDR081C
7,4932.YBR180W
7,4932.YGR197C
7,4932.YDR281C
7,4932.YMR008C
7,4932.YNL111C
7,4932.YDR452W
7,4932.YKL146W
7,4932.YBL005W
7,4932.YMR296C
7,4932.YJL037W
7,4932.YNR027W
7,4932.YGL186C
7,4932.YFL061W
7,4932.YOR143C
7,4932.YHR136C
7,4932.YPR198W
7,4932.YKL068W-A
7,4932.YLR260W
7,4932.YML053C
8,4932.YHL044W
8,4932.YFL020C
8,4932.YHL026C
8,4932.YFR056C
8,4932.YLR123C
8,4932.YLR465C
8,4932.YNL033W
8,4932.YPL021W
8,4932.YAR064W
8,4932.YHR213W-B
8,4932.YBL113C
8,4932.YIL151C
8,4932.YFR020W
8,4932.YDR034C-A
8,4932.YHL049C
8,4932.YML132W
8,4932.YJR162C
8,4932.YLR046C
8,4932.YLR426W
8,4932.YHR145C
8,4932.YJR161C
8,4932.YMR326C
8,4932.YBL005W-A
8,4932.YKL218C
8,4932.YGR109W-A
8,4932.YBL062W
8,4932.YHR218W-A
8,4932.YMR325W
8,4932.YGL182C
8,4932.YAR047C
8,4932.YHL050W-A
8,4932.YIL177C
8,4932.YBL113W-A
8,4932.YHR214W-A
8,4932.YIL169C
8,4932.YJR124C
8,4932.YJR027W
8,4932.YNL337W
8,4932.YIL176C
8,4932.YLL067C
8,4932.YOR314W
8,4932.YOR394C-A
8,4932.YFL063W
8,4932.YHR213W
8,4932.YAL064W-B
8,4932.YPL278C
8,4932.YIL011W
8,4932.YGL261C
8,4932.YHL045W
8,4932.YLR013W
8,4932.YOR237W
8,4932.YCR018C-A
8,4932.YLR467W
8,4932.YEL077C
8,4932.YKL224C
8,4932.YCR104W
8,4932.YJL077W-A
8,4932.YNL338W
8,4932.YOR062C
8,4932.YHL048C-A
8,4932.YEL049W
8,4932.YOR010C
8,4932.YLR461W
8,4932.YLL066W-A
8,4932.YML079W
8,4932.YLR256W
8,4932.YMR317W
8,4932.YER188C-A
8,4932.YIL177W-A
8,4932.YHR212W-A
8,4932.YDL248W
8,4932.YMR158C-A
8,4932.YHR210C
8,4932.YKL223W
8,4932.YDL196W
8,4932.YGR296W
8,4932.YPL283W-B
8,4932.YPL283C
8,4932.YGR296C-A
8,4932.YLR467C-A
8,4932.YNL018C
8,4932.YDR543C
8,4932.YAR070C
8,4932.YHL046C
8,4932.YHR219W
8,4932.YHR214W
8,4932.YLR053C
8,4932.YEL075W-A
8,4932.YFL064C
8,4932.YLR037C
8,4932.YLR466C-B
8,4932.YLR466W
8,4932.YLL066C
8,4932.YHL048W
8,4932.YML133W-A
8,4932.YEL075C
8,4932.YER138W-A
8,4932.YOR009W
8,4932.YDL177C
8,4932.YAR068W
8,4932.YOL160W
8,4932.YDR544C
8,4932.YOL106W
8,4932.YML083C
8,4932.YAL069W
8,4932.YHL042W
8,4932.YAL068C
8,4932.YHL046W-A
8,4932.YPL130W
8,4932.YLL025W
8,4932.YDL037C
8,4932.YKL102C
8,4932.YOR396W
8,4932.YBR238C
8,4932.YPL156C
8,4932.YEL076C-A
8,4932.YHR126C
8,4932.YBR131C-A
8,4932.YER189W
8,4932.YNL234W
8,4932.YOL161C
8,4932.YAL065C
8,4932.YLR462W
8,4932.YNL034W
8,4932.YLL067W-A
8,4932.YPR202W
8,4932.YDR387C
8,4932.YLR313C
8,4932.YBL108W
8,4932.YNL339W-B
8,4932.YOR273C
8,4932.YLL065W
8,4932.YPR204C-A
8,4932.YPL257W-A
8,4932.YER011W
8,4932.YJR150C
8,4932.YML133W-B
8,4932.YGR294W
8,4932.YKL221W
8,4932.YHR217C
8,4932.YKL225W
8,4932.YEL076C
8,4932.YJR079W
8,4932.YDR261W-B
8,4932.YNL339W-A
8,4932.YNL339C
8,4932.YFL051C
8,4932.YOR011W
8,4932.YHR213W-A
8,4932.YDL039C
8,4932.YPL277C
8,4932.YPL257W
8,4932.YHL050C
8,4932.YFL062W
8,4932.YCL012C
8,4932.YKL219W
8,4932.YBR302C
8,4932.YHL041W
8,4932.YOL159C
8,4932.YNR077C
8,4932.YER190W
8,4932.YKL222C
8,4932.YBL109W
8,4932.YHR214C-D
8,4932.YNR076W
8,4932.YJL223C
8,4932.YNL336W
8,4932.YLL005C
8,4932.YKR075C
8,4932.YGL254W
8,4932.YDR545W
8,4932.YJL007C
8,4932.YHL043W
8,4932.YGR296C-B
8,4932.YAR020C
8,4932.YDR542W
8,4932.YHR218W
8,4932.YLL064C
8,4932.YPR203W
8,4932.YJL225C
8,4932.YDR545C-A
8,4932.YFL066C
8,4932.YML133C
8,4932.YDR521W
8,4932.YDR098C-B
8,4932.YPL283W-A
8,4932.YBR301W
8,4932.YBL111C
8,4932.YHR214C-E
8,4932.YGR126W
8,4932.YNL019C
8,4932.YIL158W
8,4932.YOR396C-A
8,4932.YLL066W-B
8,4932.YPR204W
8,4932.YAL068W-A
8,4932.YIR041W
8,4932.YEL074W
8,4932.YGR234W
8,4932.YPL054W
8,4932.YPL092W
8,4932.YFL065C
8,4932.YJR015W
8,4932.YFL067W
8,4932.YLR463C
9,4932.YHR091C
9,4932.YPL104W
9,4932.YHR019C
9,4932.YPR033C
9,4932.YIL108W
9,4932.YGR264C
9,4932.YER032W
9,4932.YHR093W
9,4932.YGR094W
9,4932.YNL249C
9,4932.YOL033W
9,4932.YHR068W
9,4932.YER034W
9,4932.YNL144C
9,4932.YDR023W
9,4932.YCR001W
9,4932.YJL184W
9,4932.YGR185C
9,4932.YPL040C
9,4932.YGR024C
9,4932.YOL131W
9,4932.YKL194C
9,4932.YBR121C
9,4932.YER168C
9,4932.YHR020W
9,4932.YKL050C
9,4932.YPL097W
9,4932.YPR081C
9,4932.YGL169W
9,4932.YMR195W
9,4932.YOR315W
9,4932.YBR007C
9,4932.YKR005C
9,4932.YDL219W
9,4932.YPL160W
9,4932.YDR351W
9,4932.YLR060W
9,4932.YER087W
9,4932.YCR024C
9,4932.YOR215C
9,4932.YGL105W
9,4932.YNL042W
9,4932.YDR268W
9,4932.YBR184W
9,4932.YGL245W
9,4932.YGR171C
9,4932.YGL052W
9,4932.YDL104C
9,4932.YDR341C
9,4932.YBL076C
9,4932.YBL080C
9,4932.YMR293C
9,4932.YNL247W
9,4932.YLL018C
9,4932.YOL097C
9,4932.YOR335C
9,4932.YKL162C
9,4932.YLR382C
9,4932.YOR168W
9,4932.YML036W
9,4932.YGR262C
9,4932.YKR045C
9,4932.YGL053W
9,4932.YPR047W
9,4932.YNL073W
9,4932.YHR011W
9,4932.YDR037W
9,4932.YKR038C
9,4932.YKR095W-A
9,4932.YFL022C
9,4932.YOR227W
9,4932.YIL078W
10,4932.YFL048C
10,4932.YPR032W
10,4932.YCR079W
10,4932.YEL022W
10,4932.YGR277C
10,4932.YJL123C
10,4932.YNL145W
10,4932.YBR080C
10,4932.YLR443W
10,4932.YDL192W
10,4932.YGL180W
10,4932.YNL267W
10,4932.YCR094W
10,4932.YPL115C
10,4932.YOR212W
10,4932.YJL029C
10,4932.YKL044W
10,4932.YOR178C
10,4932.YDL230W
10,4932.YHR078W
10,4932.YGR097W
10,4932.YCL034W
10,4932.YLR273C
10,4932.YJR102C
10,4932.YEL013W
10,4932.YBR012W-B
10,4932.YJL059W
10,4932.YBL050W
10,4932.YCR091W
10,4932.YOR115C
10,4932.YLR429W
10,4932.YLR403W
10,4932.YDR388W
10,4932.YDR103W
10,4932.YHR108W
10,4932.YPL149W
10,4932.YDL193W
10,4932.YJR065C
10,4932.YPL249C
10,4932.YER071C
10,4932.YGR130C
10,4932.YDR435C
10,4932.YAL028W
10,4932.YGR166W
10,4932.YJL044C
10,4932.YDR105C
10,4932.YOL076W
10,4932.YJL157C
10,4932.YIR006C
10,4932.YNL257C
10,4932.YCL001W-B
10,4932.YJR110W
10,4932.YJR054W
10,4932.YMR164C
10,4932.YDL121C
10,4932.YFL040W
10,4932.YGL006W
10,4932.YDL145C
10,4932.YLR319C
10,4932.YJL129C
10,4932.YDL006W
10,4932.YML003W
10,4932.YDR189W
10,4932.YIL105C
10,4932.YAL016W
10,4932.YDL159W
10,4932.YGR223C
10,4932.YMR273C
10,4932.YMR307W
10,4932.YGR059W
10,4932.YHR084W
10,4932.YCL001W
10,4932.YNL291C
10,4932.YMR031C
10,4932.YOR069W
10,4932.YOR165W
10,4932.YMR232W
10,4932.YKR020W
10,4932.YOR219C
10,4932.YCR043C
10,4932.YHL007C
10,4932.YDR522C
10,4932.YGL106W
10,4932.YML012W
10,4932.YLR386W
10,4932.YCL024W
10,4932.YAL017W
10,4932.YER185W
10,4932.YER045C
10,4932.YIL076W
10,4932.YJL201W
10,4932.YKL092C
10,4932.YLR166C
10,4932.YDR379W
10,4932.YLR332W
10,4932.YDL073W
10,4932.YLR268W
10,4932.YDL058W
10,4932.YLR093C
10,4932.YKR044W
10,4932.YJL031C
10,4932.YCR027C
10,4932.YER149C
10,4932.YLR286C
10,4932.YHR012W
10,4932.YBR286W
10,4932.YEL053C
10,4932.YDR410C
10,4932.YNL086W
10,4932.YGL155W
10,4932.YDR153C
10,4932.YPL272C
10,4932.YNL044W
10,4932.YDR043C
10,4932.YKL079W
10,4932.YDL203C
10,4932.YIR016W
10,4932.YDL234C
10,4932.YDR126W
10,4932.YJL172W
10,4932.YBL086C
10,4932.YPR176C
10,4932.YGR172C
10,4932.YBR264C
10,4932.YER109C
10,4932.YHR016C
10,4932.YHR047C
10,4932.YER060W
10,4932.YCR030C
10,4932.YGR189C
10,4932.YDR164C
10,4932.YER124C
10,4932.YOL028C
10,4932.YLR342W
10,4932.YER101C
10,4932.YIL140W
10,4932.YBR045C
10,4932.YDR196C
10,4932.YML097C
10,4932.YOR070C
10,4932.YCR075C
10,4932.YDR199W
10,4932.YGL096W
10,4932.YER096W
10,4932.YBL037W
10,4932.YER136W
10,4932.YMR052W
10,4932.YAL031C
10,4932.YOL113W
10,4932.YPR131C
10,4932.YLR422W
10,4932.YNL138W
10,4932.YPL145C
10,4932.YAL009W
10,4932.YDR495C
10,4932.YCR009C
10,4932.YCL055W
10,4932.YBL007C
10,4932.YLR078C
10,4932.YLR337C
10,4932.YFL047W
10,4932.YCL049C
10,4932.YPL232W
10,4932.YBR158W
10,4932.YIL145C
10,4932.YOR022C
10,4932.YLR396C
10,4932.YOR028C
10,4932.YLR035C-A
10,4932.YER128W
10,4932.YPL067C
10,4932.YPR115W
10,4932.YBR021W
10,4932.YFR054C
10,4932.YKR001C
10,4932.YOL132W
10,4932.YIL137C
10,4932.YGR282C
10,4932.YIL083C
10,4932.YOR030W
10,4932.YDL149W
10,4932.YDR166C
10,4932.YKL061W
10,4932.YLR181C
10,4932.YDR042C
10,4932.YNR067C
10,4932.YLR248W
10,4932.YHR195W
10,4932.YDR523C
10,4932.YDR063W
10,4932.YBR287W
10,4932.YCL042W
10,4932.YGR089W
10,4932.YPL161C
10,4932.YFR040W
10,4932.YDL090C
10,4932.YGL158W
10,4932.YOR104W
10,4932.YCR106W
10,4932.YHR063C
10,4932.YDR407C
10,4932.YGL161C
10,4932.YDR316W-A
10,4932.YCR067C
10,4932.YBR102C
10,4932.YBR270C
10,4932.YPL162C
10,4932.YBR200W
10,4932.YLR370C
10,4932.YOR370C
10,4932.YHL019C
10,4932.YER074W-A
10,4932.YCL014W
10,4932.YPL187W
10,4932.YDR218C
10,4932.YHR023W
10,4932.YDR040C
10,4932.YMR237W
10,4932.YDR490C
10,4932.YMR109W
10,4932.YEL043W
10,4932.YDR069C
10,4932.YKL176C
10,4932.YOL110W
10,4932.YER114C
10,4932.YNL180C
10,4932.YDR352W
10,4932.YIL034C
10,4932.YJR058C
10,4932.YML016C
10,4932.YAL002W
10,4932.YGL197W
10,4932.YEL040W
10,4932.YLR240W
10,4932.YML052W
10,4932.YKR014C
10,4932.YOR342C
10,4932.YMR231W
10,4932.YGL242C
10,4932.YAL041W
10,4932.YCR038C
10,4932.YDL099W
10,4932.YKL163W
10,4932.YNL323W
10,4932.YDR466W
10,4932.YJL058C
10,4932.YHR073W
10,4932.YGL095C
10,4932.YCL068C
10,4932.YNR047W
10,4932.YDR071C
10,4932.YNR049C
10,4932.YNL106C
10,4932.YLR114C
10,4932.YGL145W
10,4932.YDR170C
10,4932.YBL056W
10,4932.YMR069W
10,4932.YDR208W
10,4932.YIL159W
10,4932.YPR188C
10,4932.YHR035W
10,4932.YBL104C
10,4932.YBR241C
10,4932.YOR284W
10,4932.YLR049C
10,4932.YLR362W
10,4932.YAL007C
10,4932.YDL161W
10,4932.YBR028C
10,4932.YBL105C
10,4932.YKL126W
10,4932.YNL128W
10,4932.YMR274C
10,4932.YDR084C
10,4932.YJL083W
10,4932.YIL044C
10,4932.YIL095W
10,4932.YKR027W
10,4932.YPL192C
10,4932.YDR472W
10,4932.YLL053C
10,4932.YNR044W
10,4932.YIL117C
10,4932.YKL203C
10,4932.YCL032W
10,4932.YPR173C
10,4932.YMR082C
10,4932.YPL089C
10,4932.YNL012W
10,4932.YER115C
10,4932.YGR196C
10,4932.YER186C
10,4932.YLR025W
10,4932.YOL100W
10,4932.YIL153W
10,4932.YDR507C
10,4932.YPR065W
10,4932.YNL066W
10,4932.YER054C
10,4932.YOL016C
10,4932.YPL268W
10,4932.YOR152C
10,4932.YAL026C
10,4932.YDL019C
10,4932.YBL060W
10,4932.YLR040C
10,4932.YGR206W
10,4932.YKL209C
10,4932.YLR206W
10,4932.YMR077C
10,4932.YLR262C
10,4932.YJL204C
10,4932.YJR076C
10,4932.YNL233W
10,4932.YKL157W
10,4932.YNR031C
10,4932.YGL124C
10,4932.YHR028C
10,4932.YKR072C
10,4932.YNL258C
10,4932.YGR261C
10,4932.YLR311C
10,4932.YGR080W
10,4932.YLR190W
10,4932.YOR386W
10,4932.YPL179W
10,4932.YKL103C
10,4932.YCR040W
10,4932.YJR151C
10,4932.YPR017C
10,4932.YAL029C
10,4932.YHR171W
10,4932.YOR211C
10,4932.YGR279C
10,4932.YDR414C
10,4932.YBL106C
10,4932.YCR097W-A
10,4932.YKR019C
10,4932.YGL156W
10,4932.YPL084W
10,4932.YDR525W-A
10,4932.YNL204C
10,4932.YOR291W
10,4932.YGR009C
10,4932.YHR005C
10,4932.YBR260C
10,4932.YMR244W
10,4932.YGL101W
10,4932.YCR015C
10,4932.YPL002C
10,4932.YGL005C
10,4932.YMR063W
10,4932.YDR251W
10,4932.YNL296W
10,4932.YPL236C
10,4932.YHR158C
10,4932.YAL030W
10,4932.YML109W
10,4932.YBL047C
10,4932.YJR031C
10,4932.YJL024C
10,4932.YML067C
10,4932.YNL090W
10,4932.YDR326C
10,4932.YFL027C
10,4932.YDR456W
10,4932.YER177W
10,4932.YIL048W
10,4932.YDR423C
10,4932.YJL159W
10,4932.YKL013C
10,4932.YPL158C
10,4932.YOR216C
10,4932.YGR284C
10,4932.YNL269W
10,4932.YOR134W
10,4932.YBR083W
10,4932.YCL063W
10,4932.YFL038C
10,4932.YOR299W
10,4932.YLR158C
10,4932.YHR004C
10,4932.YPL137C
10,4932.YMR079W
10,4932.YJL178C
10,4932.YBR147W
10,4932.YNL238W
10,4932.YOR329C
10,4932.YNL047C
10,4932.YNL325C
10,4932.YMR172W
10,4932.YNL212W
10,4932.YKL041W
10,4932.YKL007W
10,4932.YJL042W
10,4932.YLR211C
10,4932.YCR041W
10,4932.YIL138C
10,4932.YKL129C
10,4932.YOL141W
10,4932.YKR068C
10,4932.YJR092W
10,4932.YLR189C
10,4932.YBR109C
10,4932.YOR008C
10,4932.YOL062C
10,4932.YMR104C
10,4932.YCR039C
10,4932.YHR107C
10,4932.YOL112W
10,4932.YPL166W
10,4932.YDR039C
10,4932.YLR120C
10,4932.YJL049W
10,4932.YNL051W
10,4932.YGR136W
10,4932.YLR121C
10,4932.YNL264C
10,4932.YHR080C
10,4932.YPL120W
10,4932.YER093C
10,4932.YPL049C
10,4932.YDR360W
10,4932.YGR137W
10,4932.YLR309C
10,4932.YCR097W
10,4932.YJR030C
10,4932.YDR162C
10,4932.YAR002C-A
10,4932.YBR023C
10,4932.YMR159C
10,4932.YOR326W
10,4932.YHL017W
10,4932.YER118C
10,4932.YLR431C
10,4932.YGL079W
10,4932.YOR327C
10,4932.YPR079W
10,4932.YJR125C
10,4932.YHR113W
10,4932.YKL177W
10,4932.YER089C
10,4932.YDR247W
10,4932.YKL179C
10,4932.YKR013W
10,4932.YNL270C
10,4932.YDR276C
10,4932.YJL079C
10,4932.YHR161C
10,4932.YCR073C
10,4932.YCR024C-B
10,4932.YPL085W
10,4932.YHR179W
10,4932.YLR156W
10,4932.YER158C
10,4932.YOL060C
10,4932.YER187W
10,4932.YPR125W
10,4932.YNL321W
10,4932.YLR184W
10,4932.YLR414C
10,4932.YPR097W
10,4932.YCR018C
10,4932.YLR417W
10,4932.YPR055W
10,4932.YDR122W
10,4932.YPR005C
10,4932.YOR129C
10,4932.YOL070C
10,4932.YBR077C
10,4932.YMR297W
10,4932.YGL168W
10,4932.YKL051W
10,4932.YMR029C
10,4932.YGR212W
10,4932.YLR157C
10,4932.YHR206W
10,4932.YGR152C
10,4932.YIL109C
10,4932.YMR211W
10,4932.YJL154C
10,4932.YER133W
10,4932.YKR028W
10,4932.YJL185C
10,4932.YPR105C
10,4932.YLL019C
10,4932.YDR459C
10,4932.YMR086W
10,4932.YDR498C
10,4932.YLR371W
10,4932.YDR246W
10,4932.YDR130C
10,4932.YKL096W
10,4932.YHR021W-A
10,4932.YPL238C
10,4932.YCL001W-A
10,4932.YHR155W
10,4932.YCR088W
10,4932.YGR122W
10,4932.YIR022W
10,4932.YKR007W
10,4932.YOR364W
10,4932.YDR100W
10,4932.YLR261C
10,4932.YOR106W
10,4932.YOR301W
10,4932.YMR065W
10,4932.YKR030W
10,4932.YOR220W
10,4932.YKR051W
10,4932.YNR007C
10,4932.YBR059C
10,4932.YMR101C
10,4932.YER123W
10,4932.YER046W-A
10,4932.YLR425W
10,4932.YGR040W
10,4932.YDR357C
10,4932.YGR057C
10,4932.YDR080W
10,4932.YLR310C
10,4932.YDL235C
10,4932.YJR005W
10,4932.YIL062C
10,4932.YDL134C
10,4932.YIL067C
10,4932.YKL096W-A
10,4932.YGR191W
10,4932.YEL017C-A
10,4932.YDR261C
10,4932.YDL225W
10,4932.YDL071C
10,4932.YDL233W
10,4932.YDL128W
10,4932.YNR026C
10,4932.YOR181W
10,4932.YIL041W
10,4932.YJR004C
10,4932.YBR210W
10,4932.YKL212W
10,4932.YKL193C
10,4932.YNL192W
10,4932.YOR035C
10,4932.YEL048C
10,4932.YOR208W
10,4932.YFR051C
10,4932.YBL061C
10,4932.YJR086W
10,4932.YCR024C-A
10,4932.YAL042W
10,4932.YPL199C
10,4932.YER008C
10,4932.YNL283C
10,4932.YLR099W-A
10,4932.YNL041C
10,4932.YLL007C
10,4932.YKL190W
10,4932.YGR014W
10,4932.YDR136C
10,4932.YHR110W
10,4932.YDL029W
10,4932.YPL045W
10,4932.YLR440C
10,4932.YBR234C
10,4932.YGR027W-A
10,4932.YGR238C
10,4932.YGL032C
10,4932.YDR348C
10,4932.YEL009C
10,4932.YDR022C
10,4932.YOR016C
10,4932.YNL027W
10,4932.YFL026W
10,4932.YNL076W
10,4932.YNL127W
10,4932.YIL147C
10,4932.YOR304C-A
10,4932.YOR254C
10,4932.YGL002W
10,4932.YJL094C
10,4932.YNL300W
10,4932.YOR043W
10,4932.YJR106W
10,4932.YDL072C
10,4932.YNL263C
10,4932.YMR316W
10,4932.YKL077W
10,4932.YEL031W
10,4932.YMR068W
10,4932.YLL040C
10,4932.YKL105C
10,4932.YOR109W
10,4932.YBR056W-A
10,4932.YLR408C
10,4932.YJR138W
10,4932.YLR433C
10,4932.YLL042C
10,4932.YDL188C
10,4932.YOR238W
10,4932.YDL195W
10,4932.YMR028W
10,4932.YLL043W
10,4932.YJL118W
10,4932.YER155C
10,4932.YDL135C
10,4932.YNL166C
10,4932.YMR209C
10,4932.YOL030W
10,4932.YJL093C
10,4932.YMR092C
10,4932.YMR185W
10,4932.YIL042C
10,4932.YOL018C
10,4932.YPR029C
10,4932.YBR130C
10,4932.YLR238W
10,4932.YDL146W
10,4932.YGR163W
10,4932.YCL067C
10,4932.YOR367W
10,4932.YOR381W-A
10,4932.YLR138W
10,4932.YGL054C
10,4932.YPL152W
10,4932.YDL226C
10,4932.YNR035C
10,4932.YNL294C
10,4932.YKL088W
10,4932.YNL242W
10,4932.YJL053W
10,4932.YBR099C
10,4932.YGL059W
10,4932.YJL145W
10,4932.YNL157W
10,4932.YHL023C
10,4932.YOR034C
10,4932.YKL019W
10,4932.YHR211W
10,4932.YOR292C
10,4932.YBR199W
10,4932.YOL007C
10,4932.YJR083C
10,4932.YOR087W
10,4932.YBL046W
10,4932.YDR239C
10,4932.YOL129W
10,4932.YNL093W
10,4932.YCL027W
10,4932.YDR141C
10,4932.YDR524C
10,4932.YJL004C
10,4932.YFR035C
10,4932.YKR078W
10,4932.YGL089C
10,4932.YLL052C
10,4932.YGL200C
10,4932.YGR032W
10,4932.YPR158W-B
10,4932.YPR122W
10,4932.YOL003C
10,4932.YAL063C
10,4932.YKR090W
10,4932.YNL293W
10,4932.YDR183W
10,4932.YJL170C
10,4932.YIL045W
10,4932.YPR154W
10,4932.YDR108W
10,4932.YGL098W
10,4932.YLR042C
10,4932.YMR182C
10,4932.YMR197C
10,4932.YPR049C
10,4932.YPL140C
10,4932.YIL015W
10,4932.YHR114W
10,4932.YOL014W
10,4932.YPR040W
10,4932.YDR085C
10,4932.YBR131W
10,4932.YJL158C
10,4932.YDR389W
10,4932.YPR091C
10,4932.YBR038W
10,4932.YPL148C
10,4932.YMR253C
10,4932.YDR309C
10,4932.YGR221C
10,4932.YML057W
10,4932.YOR042W
10,4932.YHR143W
10,4932.YGL229C
10,4932.YMR010W
10,4932.YPL250C
10,4932.YLR314C
10,4932.YIL082W-A
10,4932.YNL304W
10,4932.YER166W
10,4932.YNR032W
10,4932.YNL297C
10,4932.YIR003W
10,4932.YNL046W
10,4932.YLR170C
10,4932.YCR054C
10,4932.YKR050W
10,4932.YPL259C
10,4932.YMR218C
10,4932.YIR019C
10,4932.YGL181W
10,4932.YMR004W
10,4932.YGR086C
10,4932.YMR032W
10,4932.YLR356W
10,4932.YJL020C
10,4932.YJL207C
10,4932.YDR238C
10,4932.YHR105W
10,4932.YDR480W
10,4932.YPR145C-A
10,4932.YBL103C
10,4932.YJR066W
10,4932.YOR014W
10,4932.YOL092W
10,4932.YGL223C
10,4932.YPL072W
10,4932.YDR425W
10,4932.YPL070W
10,4932.YER075C
10,4932.YKR003W
10,4932.YDR124W
10,4932.YBR074W
10,4932.YJL128C
10,4932.YLR073C
10,4932.YGL212W
10,4932.YBR108W
10,4932.YLR305C
10,4932.YKR042W
10,4932.YLR390W-A
10,4932.YLR080W
10,4932.YHR098C
10,4932.YLR084C
10,4932.YHR209W
10,4932.YIL146C
10,4932.YNR071C
10,4932.YNL243W
10,4932.YML001W
10,4932.YOR231W
10,4932.YLR250W
10,4932.YNL201C
10,4932.YEL062W
10,4932.YOL082W
10,4932.YBR005W
10,4932.YKL196C
10,4932.YCR032W
10,4932.YFL039C
10,4932.YHR180W
10,4932.YNL327W
10,4932.YOL083W
10,4932.YJL120W
10,4932.YPL195W
10,4932.YFR008W
10,4932.YNL135C
10,4932.YDR107C
10,4932.YNL239W
10,4932.YBR164C
10,4932.YLL001W
10,4932.YCL066W
10,4932.YIL161W
10,4932.YHR001W
10,4932.YPL264C
10,4932.YDL240W
10,4932.YPL010W
10,4932.YLL010C
10,4932.YDR200C
10,4932.YGL206C
10,4932.YNL326C
10,4932.YKR102W
10,4932.YHR102W
10,4932.YLR257W
10,4932.YBL078C
10,4932.YLR229C
10,4932.YDL047W
10,4932.YIL068C
10,4932.YKR055W
10,4932.YOR385W
10,4932.YLR423C
10,4932.YMR162C
10,4932.YJL099W
10,4932.YBR182C
10,4932.YBR187W
10,4932.YKL062W
10,4932.YNR048W
10,4932.YHR181W
10,4932.YGR229C
10,4932.YMR295C
10,4932.YNL223W
10,4932.YIL037C
10,4932.YLR039C
10,4932.YNL152W
10,4932.YOR188W
10,4932.YCL058C
10,4932.YGL203C
10,4932.YIL122W
10,4932.YDR055W
10,4932.YDR027C
10,4932.YPR181C
10,4932.YDR099W
10,4932.YGL167C
10,4932.YIL004C
10,4932.YHR095W
10,4932.YKR088C
10,4932.YLR113W
10,4932.YPL242C
10,4932.YDR436W
10,4932.YPR051W
10,4932.YLR312C
10,4932.YOR275C
10,4932.YPR165W
10,4932.YMR124W
10,4932.YMR181C
10,4932.YDR104C
10,4932.YHL027W
10,4932.YFR021W
10,4932.YBR050C
10,4932.YOR307C
10,4932.YBR128C
10,4932.YFR003C
10,4932.YBR078W
10,4932.YLR026C
10,4932.YNL167C
10,4932.YDR313C
10,4932.YKL159C
10,4932.YDR129C
10,4932.YGL198W
10,4932.YER014C-A
10,4932.YJL100W
10,4932.YJL036W
10,4932.YBR217W
10,4932.YBL040C
10,4932.YGL108C
10,4932.YGL233W
10,4932.YDR420W
10,4932.YJL181W
10,4932.YOR190W
10,4932.YNL324W
10,4932.YGL210W
10,4932.YIL118W
10,4932.YPR075C
10,4932.YOR036W
10,4932.YCL008C
10,4932.YHR186C
10,4932.YLR194C
10,4932.YEL005C
10,4932.YGL214W
10,4932.YOL116W
10,4932.YHR142W
10,4932.YML071C
10,4932.YDR468C
10,4932.YMR071C
10,4932.YDR486C
10,4932.YHR061C
10,4932.YLR144C
10,4932.YDR144C
10,4932.YDL117W
10,4932.YCR028C
10,4932.YGL045W
10,4932.YKR035W-A
10,4932.YGL137W
10,4932.YPL180W
10,4932.YLR360W
10,4932.YPR054W
10,4932.YNL079C
10,4932.YDL137W
10,4932.YDL077C
10,4932.YBR162C
10,4932.YMR305C
10,4932.YLR160C
10,4932.YFR043C
10,4932.YER078C
10,4932.YDR038C
10,4932.YOR300W
10,4932.YKL178C
10,4932.YDR137W
10,4932.YLR050C
10,4932.YGR023W
10,4932.YDR193W
10,4932.YHR029C
10,4932.YLR148W
10,4932.YPL100W
10,4932.YOR127W
10,4932.YLL021W
10,4932.YKL066W
10,4932.YDL018C
10,4932.YCR089W
10,4932.YKL043W
10,4932.YBR288C
10,4932.YDR517W
10,4932.YFL005W
10,4932.YCL038C
10,4932.YGR217W
10,4932.YKL135C
10,4932.YDL123W
10,4932.YGL146C
10,4932.YHR076W
10,4932.YKL116C
10,4932.YDR264C
10,4932.YNL053W
10,4932.YPR083W
10,4932.YNL272C
10,4932.YHR030C
10,4932.YDR229W
10,4932.YDR373W
10,4932.YMR311C
10,4932.YNL278W
10,4932.YMR016C
10,4932.YGR161C
10,4932.YHR132W-A
10,4932.YNL084C
10,4932.YDR536W
10,4932.YNL217W
10,4932.YBR040W
10,4932.YGL023C
10,4932.YKL006C-A
10,4932.YPR149W
10,4932.YOR090C
10,4932.YJL085W
10,4932.YGL104C
10,4932.YOR239W
10,4932.YHL002W
10,4932.YDR128W
10,4932.YKL161C
10,4932.YNL023C
10,4932.YGR241C
10,4932.YOR140W
10,4932.YCR002C
10,4932.YJL151C
10,4932.YLR353W
10,4932.YNL208W
10,4932.YBL017C
10,4932.YNL020C
10,4932.YDR093W
10,4932.YOL065C
10,4932.YGL190C
10,4932.YER157W
10,4932.YBR148W
10,4932.YLR343W
10,4932.YIL002C
10,4932.YLR096W
10,4932.YHR182W
10,4932.YCR096C
10,4932.YER046W
10,4932.YBL085W
10,4932.YOR264W
10,4932.YLR330W
10,4932.YLR187W
10,4932.YIL163C
10,4932.YOL078W
10,4932.YMR017W
10,4932.YDL113C
10,4932.YLR444C
10,4932.YNL271C
10,4932.YGR120C
10,4932.YML066C
10,4932.YFR024C-A
10,4932.YOL138C
10,4932.YLL050C
10,4932.YPL066W
10,4932.YNL078W
10,4932.YPR095C
10,4932.YOR075W
10,4932.YKL164C
10,4932.YBR125C
10,4932.YGR268C
10,4932.YPL218W
10,4932.YCR075W-A
10,4932.YOR054C
10,4932.YKL047W
10,4932.YLL038C
10,4932.YNL156C
10,4932.YNL006W
10,4932.YML121W
10,4932.YLR006C
10,4932.YOR122C
10,4932.YLR019W
10,4932.YBR097W
10,4932.YPL032C
10,4932.YIL113W
10,4932.YHL031C
10,4932.YDR077W
10,4932.YDR323C
10,4932.YMR215W
10,4932.YML047C
10,4932.YKL130C
10,4932.YDR461W
10,4932.YGR070W
10,4932.YGR041W
10,4932.YOR044W
10,4932.YOL105C
10,4932.YML002W
10,4932.YGR058W
10,4932.YMR037C
10,4932.YPL065W
10,4932.YKL002W
10,4932.YER144C
10,4932.YJR117W
10,4932.YDL206W
10,4932.YBR254C
10,4932.YBL102W
10,4932.YER122C
10,4932.YMR183C
10,4932.YNL049C
10,4932.YJR134C
10,4932.YFR019W
10,4932.YNL058C
10,4932.YNR006W
10,4932.YDR179W-A
10,4932.YDR075W
10,4932.YAR014C
10,4932.YMR292W
10,4932.YAL014C
10,4932.YMR154C
10,4932.YOR094W
10,4932.YLR300W
10,4932.YPR185W
10,4932.YBR225W
10,4932.YML007C-A
10,4932.YDR484W
10,4932.YJL078C
10,4932.YPL163C
10,4932.YFR014C
10,4932.YOR132W
10,4932.YNL287W
10,4932.YML077W
10,4932.YMR306W
10,4932.YLR119W
10,4932.YDR531W
10,4932.YNL265C
10,4932.YMR192W
10,4932.YJR044C
10,4932.YGL028C
10,4932.YNL298W
10,4932.YDL109C
10,4932.YAR050W
10,4932.YDR259C
10,4932.YOR324C
10,4932.YLR452C
10,4932.YCR068W
10,4932.YGL007W
10,4932.YGR167W
10,4932.YOR357C
10,4932.YPL051W
10,4932.YGR100W
10,4932.YBL016W
10,4932.YNL054W
10,4932.YER188W
10,4932.YMR320W
10,4932.YLR219W
10,4932.YER031C
10,4932.YNL279W
10,4932.YOR089C
10,4932.YDR028C
10,4932.YHR205W
10,4932.YPR171W
10,4932.YPL074W
10,4932.YGR198W
10,4932.YMR212C
11,4932.YDR464W
11,4932.YEL015W
11,4932.YDL053C
11,4932.YPR129W
11,4932.YGR093W
11,4932.YOR159C
11,4932.YGL178W
11,4932.YGL049C
11,4932.YLR116W
11,4932.YOR204W
11,4932.YPL157W
11,4932.YLL032C
11,4932.YLL036C
11,4932.YNR011C
11,4932.YHR121W
11,4932.YML116W-A
11,4932.YIL130W
11,4932.YGR074W
11,4932.YML046W
11,4932.YCR020C-A
11,4932.YPL151C
11,4932.YMR216C
11,4932.YDL098C
11,4932.YER165W
11,4932.YPL178W
11,4932.YOR198C
11,4932.YIR005W
11,4932.YPR042C
11,4932.YMR074C
11,4932.YDL030W
11,4932.YPR022C
11,4932.YCL037C
11,4932.YNL288W
11,4932.YER035W
11,4932.YDR061W
11,4932.YOL155C
11,4932.YHR015W
11,4932.YDL084W
11,4932.YGR013W
11,4932.YML049C
11,4932.YCR093W
11,4932.YOR338W
11,4932.YLR271W
11,4932.YPR057W
11,4932.YML094C-A
11,4932.YGR075C
11,4932.YOR166C
11,4932.YNL146W
11,4932.YBL081W
11,4932.YIL038C
11,4932.YMR125W
11,4932.YKL012W
11,4932.YMR288W
11,4932.YJR050W
11,4932.YGR162W
11,4932.YBR065C
11,4932.YGL176C
11,4932.YBR200W-A
11,4932.YNL245C
11,4932.YER049W
11,4932.YLR094C
11,4932.YOR319W
11,4932.YPL064C
11,4932.YLR424W
11,4932.YKR022C
11,4932.YDL087C
11,4932.YGR269W
11,4932.YER029C
11,4932.YLR117C
11,4932.YGR178C
11,4932.YDL160C
11,4932.YGL222C
11,4932.YLR419W
11,4932.YDR235W
11,4932.YKL095W
11,4932.YPL026C
11,4932.YPL213W
11,4932.YGR173W
11,4932.YNL118C
11,4932.YJR091C
11,4932.YNL085W
11,4932.YAL021C
11,4932.YFR009W
11,4932.YNL255C
11,4932.YHR156C
11,4932.YGR091W
11,4932.YNR052C
11,4932.YKR086W
11,4932.YGL174W
11,4932.YMR302C
11,4932.YKL214C
11,4932.YPR182W
11,4932.YKL204W
11,4932.YER176W
11,4932.YBR119W
11,4932.YKL173W
11,4932.YLR016C
11,4932.YPR101W
11,4932.YDR378C
11,4932.YGL014W
11,4932.YBR172C
11,4932.YGR067C
11,4932.YLR147C
11,4932.YPR094W
11,4932.YGR250C
11,4932.YGR006W
11,4932.YDR163W
11,4932.YGR072W
11,4932.YBR055C
11,4932.YER146W
11,4932.YBR152W
11,4932.YOR052C
11,4932.YBR212W
11,4932.YLR262C-A
11,4932.YBR163W
11,4932.YFR023W
11,4932.YNL125C
11,4932.YOL149W
11,4932.YNL286W
11,4932.YNL210W
11,4932.YJL124C
11,4932.YCR059C
11,4932.YFL028C
11,4932.YER172C
11,4932.YNL138W-A
11,4932.YMR213W
11,4932.YDL043C
11,4932.YKR096W
11,4932.YGR129W
11,4932.YGL094C
11,4932.YBL032W
11,4932.YGL199C
11,4932.YLR323C
11,4932.YGR266W
11,4932.YPR152C
11,4932.YAL032C
11,4932.YMR240C
11,4932.YOR308C
11,4932.YJR005C-A
11,4932.YOL098C
11,4932.YBR237W
11,4932.YDR088C
11,4932.YDR505C
11,4932.YGL064C
11,4932.YHR165C
11,4932.YKL149C
11,4932.YOL139C
11,4932.YML117W
11,4932.YDR370C
11,4932.YLR188W
11,4932.YDR515W
11,4932.YPR082C
11,4932.YGL195W
11,4932.YDL165W
11,4932.YIR009W
11,4932.YNL016W
11,4932.YHL034C
11,4932.YJL080C
11,4932.YPR178W
11,4932.YLR363W-A
11,4932.YHR082C
11,4932.YML119W
11,4932.YDR482C
11,4932.YPL041C
11,4932.YLR363C
11,4932.YHR086W
11,4932.YBR094W
11,4932.YPL105C
11,4932.YKL074C
11,4932.YIR001C
11,4932.YLR275W
11,4932.YER068W
11,4932.YNL187W
11,4932.YDR473C
11,4932.YKR036C
11,4932.YNL147W
11,4932.YML094W
11,4932.YBR188C
11,4932.YDR364C
11,4932.YMR080C
11,4932.YIL061C
11,4932.YHR077C
11,4932.YOL042W
11,4932.YDR152W
11,4932.YDR206W
11,4932.YBL026W
11,4932.YNL197C
11,4932.YFR005C
11,4932.YER013W
11,4932.YNR004W
11,4932.YOR276W
11,4932.YBL074C
11,4932.YDR374C
11,4932.YOR359W
11,4932.YGL128C
11,4932.YCR063W
11,4932.YNR032C-A
11,4932.YFL017W-A
11,4932.YLR438C-A
11,4932.YDR243C
11,4932.YPL119C
11,4932.YLR146W-A
11,4932.YDL209C
11,4932.YML006C
11,4932.YGR134W
11,4932.YDL224C
11,4932.YDR432W
11,4932.YLR298C
11,4932.YMR268C
11,4932.YDR210W-B
11,4932.YBR044C
11,4932.YJL203W
11,4932.YOR051C
11,4932.YDR240C
11,4932.YKL025C
11,4932.YGR278W
11,4932.YPL184C
11,4932.YML017W
11,4932.YJR022W
11,4932.YDR416W
11,4932.YOR148C
11,4932.YER112W
11,4932.YML118W
13,4932.YAL016C-B
13,4932.YLL044W
13,4932.YBR191W-A
13,4932.YLR076C
13,4932.YKL153W
13,4932.YMR007W
13,4932.YOR082C
13,4932.YHR056W-A
13,4932.YLR149C-A
13,4932.YEL066W
13,4932.YMR173W
13,4932.YMR158W-B
13,4932.YLR124W
13,4932.YNL133C
13,4932.YHR063W-A
13,4932.YPR195C
13,4932.YDL227C
13,4932.YJL211C
13,4932.YHR180W-A
13,4932.YOR169C
13,4932.YMR151W
13,4932.YBL071C
13,4932.YDL050C
13,4932.YPR197C
13,4932.YGR035C
13,4932.YMR075C-A
13,4932.YLR339C
13,4932.YDL011C
13,4932.YPR044C
13,4932.YLR112W
13,4932.YMR304C-A
13,4932.YGL217C
13,4932.YDL172C
13,4932.YGL152C
13,4932.YML012C-A
13,4932.YKL165C-A
13,4932.YLR163W-A
13,4932.YDR417C
13,4932.YPL142C
13,4932.YPR170C
13,4932.YGL102C
13,4932.YPL197C
13,4932.YJR087W
13,4932.YMR173W-A
13,4932.YPR136C
13,4932.YGR064W
13,4932.YGR151C
13,4932.YLR322W
13,4932.YDR327W
13,4932.YLR062C
13,4932.YNL150W
13,4932.YCR013C
13,4932.YJL188C
13,4932.YPR192W
13,4932.YLR001C
13,4932.YHR022C
13,4932.YDL096C
13,4932.YPR087W
13,4932.YJR118C
13,4932.YLR125W
13,4932.YDR524W-C
13,4932.YPR126C
13,4932.YMR052C-A
13,4932.YBL077W
13,4932.YIL071W-A
13,4932.YJR146W
13,4932.YNL043C
13,4932.YPR193C
13,4932.YPR196W
13,4932.YNL319W
13,4932.YDL228C
13,4932.YGL165C
14,4932.YPL053C
14,4932.YOL087C
14,4932.YJR011C
14,4932.YCR076C
14,4932.YBL067C
14,4932.YBR062C
14,4932.YPR183W
14,4932.YLR021W
14,4932.YML038C
14,4932.YDR186C
14,4932.YJL127C-B
14,4932.YJL095W
14,4932.YGL140C
14,4932.YBL020W
14,4932.YBR250W
14,4932.YDR331W
14,4932.YOR149C
14,4932.YPL175W
14,4932.YLL031C
14,4932.YFL031W
14,4932.YER137C
14,4932.YKL201C
14,4932.YFR010W
14,4932.YDR249C
14,4932.YMR013C
14,4932.YJR062C
14,4932.YPR123C
14,4932.YIL029C
14,4932.YGR199W
14,4932.YGL051W
14,4932.YHR200W
14,4932.YOR261C
14,4932.YGR135W
14,4932.YNL219C
14,4932.YNR021W
14,4932.YGL226C-A
14,4932.YIR039C
14,4932.YOL088C
14,4932.YBL041W
14,4932.YHR079C
14,4932.YBL101C
14,4932.YHL013C
14,4932.YDL183C
14,4932.YMR314W
14,4932.YCL052C
14,4932.YBR205W
14,4932.YMR191W
14,4932.YJL139C
14,4932.YMR238W
14,4932.YPR045C
14,4932.YAL058W
14,4932.YLR301W
14,4932.YOL013C
14,4932.YOL107W
14,4932.YJL009W
14,4932.YGL142C
14,4932.YKL165C
14,4932.YGR232W
14,4932.YBL042C
14,4932.YIL005W
14,4932.YER100W
14,4932.YOR321W
14,4932.YLR459W
14,4932.YOL057W
14,4932.YBR110W
14,4932.YGL257C
14,4932.YGL048C
14,4932.YBR004C
14,4932.YJR100C
14,4932.YNL155W
14,4932.YBR219C
14,4932.YCR044C
14,4932.YNR059W
14,4932.YML019W
14,4932.YMR200W
14,4932.YDR302W
14,4932.YDL093W
14,4932.YDL122W
14,4932.YNL149C
14,4932.YKL020C
14,4932.YLR207W
14,4932.YBR229C
14,4932.YML111W
14,4932.YDR177W
14,4932.YNL130C-A
14,4932.YIR033W
14,4932.YNL029C
14,4932.YJR085C
14,4932.YPR036W-A
14,4932.YER083C
14,4932.YDR433W
14,4932.YBL082C
14,4932.YFL042C
14,4932.YML122C
14,4932.YDL095W
14,4932.YGL047W
14,4932.YER039C
14,4932.YGL141W
14,4932.YOR313C
14,4932.YOL117W
14,4932.YOR103C
14,4932.YMR194C-B
14,4932.YLR065C
14,4932.YIL071C
14,4932.YOL073C
14,4932.YER094C
14,4932.YOL111C
14,4932.YBR162W-A
14,4932.YPL077C
14,4932.YJR010C-A
14,4932.YJR075W
14,4932.YML092C
14,4932.YER021W
14,4932.YDR245W
14,4932.YFR052W
14,4932.YPL176C
14,4932.YAR031W
14,4932.YLR421C
14,4932.YDR307W
14,4932.YMR281W
14,4932.YKR061W
14,4932.YKL174C
14,4932.YJL197W
14,4932.YOR099W
14,4932.YFL007W
14,4932.YIL007C
14,4932.YAL053W
14,4932.YJL091C
14,4932.YOL134C
14,4932.YNL024C-A
14,4932.YJL048C
14,4932.YGL225W
14,4932.YPL096C-A
14,4932.YKR073C
14,4932.YPL096W
14,4932.YDR483W
14,4932.YLL030C
14,4932.YDR131C
14,4932.YNR069C
14,4932.YGR216C
14,4932.YPR159W
14,4932.YMR171C
14,4932.YBR171W
14,4932.YJR131W
14,4932.YOR124C
14,4932.YNL080C
14,4932.YGR227W
14,4932.YEL001C
14,4932.YKL210W
14,4932.YIL049W
14,4932.YOR002W
14,4932.YDR363W-A
14,4932.YBR170C
14,4932.YKR098C
14,4932.YAR028W
14,4932.YCL043C
14,4932.YKL213C
14,4932.YOR085W
14,4932.YER143W
14,4932.YBR082C
14,4932.YKL034W
14,4932.YHR017W
14,4932.YHR204W
14,4932.YMR100W
14,4932.YPL076W
14,4932.YGR253C
14,4932.YER135C
14,4932.YDL034W
14,4932.YLR024C
14,4932.YDR330W
14,4932.YFL025C
14,4932.YNL038W
14,4932.YJR099W
14,4932.YMR275C
14,4932.YEL042W
14,4932.YPL050C
14,4932.YJR013W
14,4932.YDR394W
14,4932.YBR085C-A
14,4932.YLR066W
14,4932.YDR372C
14,4932.YLR392C
14,4932.YBL057C
14,4932.YNR073C
14,4932.YHR057C
14,4932.YDR179C
14,4932.YHL010C
14,4932.YIR035C
14,4932.YHR027C
14,4932.YLR199C
14,4932.YKL145W
14,4932.YJL186W
14,4932.YDL232W
14,4932.YNL048W
14,4932.YOR288C
14,4932.YER087C-B
14,4932.YJR143C
14,4932.YDR518W
14,4932.YOR164C
14,4932.YKR017C
14,4932.YDL091C
14,4932.YOR018W
14,4932.YNL028W
14,4932.YBR220C
14,4932.YDL007W
14,4932.YJL062W
14,4932.YIL030C
14,4932.YMR022W
14,4932.YGL017W
14,4932.YMR264W
14,4932.YLR241W
14,4932.YOR117W
14,4932.YDR006C
14,4932.YDR143C
14,4932.YOL072W
14,4932.YLR292C
14,4932.YMR132C
14,4932.YFR042W
14,4932.YBR058C
14,4932.YMR276W
14,4932.YDL055C
14,4932.YOR320C
14,4932.YGL022W
14,4932.YHR039C
14,4932.YGL011C
14,4932.YDL147W
14,4932.YPL227C
14,4932.YML068W
14,4932.YGR036C
14,4932.YGL004C
14,4932.YOR336W
14,4932.YDR504C
14,4932.YEL037C
14,4932.YJR084W
14,4932.YKL046C
14,4932.YMR025W
14,4932.YBR272C
14,4932.YER151C
14,4932.YNL158W
14,4932.YOR157C
14,4932.YKL124W
14,4932.YJL084C
14,4932.YPL144W
14,4932.YHR188C
14,4932.YIR042C
14,4932.YML013W
14,4932.YGL038C
14,4932.YJL001W
14,4932.YDL100C
14,4932.YFR004W
14,4932.YKL010C
14,4932.YNL322C
14,4932.YMR304W
14,4932.YBR295W
14,4932.YPL177C
14,4932.YEL036C
14,4932.YPR108W
14,4932.YPL094C
14,4932.YEL004W
14,4932.YOR259C
14,4932.YMR149W
14,4932.YDR437W
14,4932.YMR262W
14,4932.YJL183W
14,4932.YDL097C
14,4932.YDR434W
14,4932.YPL244C
14,4932.YKL206C
14,4932.YML055W
14,4932.YBR070C
14,4932.YIL014W
14,4932.YNR030W
14,4932.YGR184C
14,4932.YJL002C
14,4932.YFR022W
14,4932.YDR221W
14,4932.YGL010W
14,4932.YPR103W
14,4932.YDR333C
14,4932.YOR067C
14,4932.YDR519W
14,4932.YER012W
14,4932.YCR061W
14,4932.YBR201W
14,4932.YAR029W
14,4932.YDR182W
14,4932.YER019C-A
14,4932.YLR427W
14,4932.YNR068C
14,4932.YML115C
14,4932.YIL075C
14,4932.YDR059C
14,4932.YIL156W-B
14,4932.YBR173C
14,4932.YFR050C
14,4932.YAR033W
14,4932.YPR109W
14,4932.YEL002C
14,4932.YDL020C
14,4932.YDR411C
14,4932.YBR137W
14,4932.YNR051C
14,4932.YLR088W
14,4932.YBR002C
14,4932.YDL190C
14,4932.YGR048W
14,4932.YMR247C
14,4932.YER125W
14,4932.YJL174W
14,4932.YML029W
14,4932.YGL144C
14,4932.YOL038W
14,4932.YPR124W
14,4932.YLR361C
14,4932.YDL216C
14,4932.YLR057W
14,4932.YAL023C
14,4932.YIL156W
14,4932.YBL058W
14,4932.YIL039W
14,4932.YML130C
14,4932.YKL121W
14,4932.YJL132W
14,4932.YDR427W
14,4932.YFL044C
14,4932.YER001W
14,4932.YGL065C
14,4932.YDL126C
14,4932.YGL139W
14,4932.YOR322C
14,4932.YHR189W
14,4932.YBR015C
14,4932.YKR021W
14,4932.YBR243C
14,4932.YER098W
14,4932.YDL026W
14,4932.YJR036C
14,4932.YOR362C
14,4932.YIL085C
14,4932.YML088W
14,4932.YPR030W
14,4932.YCR017C
14,4932.YDR057W
14,4932.YIR014W
14,4932.YKL100C
14,4932.YGR068C
14,4932.YDL049C
14,4932.YGL020C
14,4932.YHR101C
14,4932.YDR457W
14,4932.YBR273C
14,4932.YGL027C
14,4932.YOR138C
14,4932.YMR067C
14,4932.YHL030W
15,4932.YLR277C
15,4932.YGL044C
15,4932.YKL059C
15,4932.YJL041W
15,4932.YMR235C
15,4932.YJL039C
15,4932.YGL172W
15,4932.YGL241W
15,4932.YGR119C
15,4932.YIR011C
15,4932.YBL075C
15,4932.YGR156W
15,4932.YFR002W
15,4932.YGR249W
15,4932.YBL079W
15,4932.YGR285C
15,4932.YDR458C
15,4932.YMR047C
15,4932.YNL139C
15,4932.YNL253W
15,4932.YOR179C
15,4932.YLR293C
15,4932.YHR064C
15,4932.YMR186W
15,4932.YML078W
15,4932.YER048C
15,4932.YMR255W
15,4932.YPR158W
15,4932.YGR218W
15,4932.YCR060W
15,4932.YDR159W
15,4932.YDR228C
15,4932.YOR250C
15,4932.YDR346C
15,4932.YGR039W
15,4932.YDR258C
15,4932.YIL040W
15,4932.YLR347C
15,4932.YNL004W
15,4932.YKR082W
15,4932.YOR027W
15,4932.YAR002W
15,4932.YMR214W
15,4932.YPR151C
15,4932.YLR342W-A
15,4932.YOR298C-A
15,4932.YDR214W
15,4932.YJR042W
15,4932.YMR061W
15,4932.YDR002W
15,4932.YLR335W
15,4932.YAL043C
15,4932.YMR153W
15,4932.YBR017C
15,4932.YGL164C
15,4932.YIL016W
15,4932.YGL073W
15,4932.YPL106C
15,4932.YDR233C
15,4932.YNR028W
15,4932.YGR210C
15,4932.YCR069W
15,4932.YEL030W
15,4932.YDR320C
15,4932.YER009W
15,4932.YNL077W
15,4932.YLR018C
15,4932.YDR169C-A
15,4932.YJL162C
15,4932.YLR077W
15,4932.YNL281W
15,4932.YER105C
15,4932.YLR208W
15,4932.YNL317W
15,4932.YGL097W
15,4932.YPR107C
15,4932.YJL034W
15,4932.YMR161W
15,4932.YPL169C
15,4932.YBR169C
15,4932.YJR074W
15,4932.YML034C-A
15,4932.YLR115W
15,4932.YDR192C
15,4932.YOR020C
15,4932.YFL016C
15,4932.YPR028W
15,4932.YIL149C
15,4932.YDR138W
15,4932.YJL103C
15,4932.YPL196W
15,4932.YKL073W
15,4932.YCR021C
15,4932.YJL073W
15,4932.YAL005C
15,4932.YOR185C
15,4932.YLR104W
15,4932.YDR182W-A
15,4932.YER063W
15,4932.YGL122C
15,4932.YBL051C
15,4932.YGL100W
15,4932.YOR098C
15,4932.YCL011C
15,4932.YLL024C
15,4932.YGL238W
15,4932.YER107C
15,4932.YOL123W
15,4932.YGL016W
15,4932.YOR160W
15,4932.YER103W
15,4932.YIL115C
15,4932.YML103C
15,4932.YHR167W
15,4932.YGL092W
15,4932.YMR308C
15,4932.YML031W
15,4932.YOR019W
15,4932.YOR112W
15,4932.YDR195W
15,4932.YDR168W
15,4932.YGL247W
15,4932.YKL068W
15,4932.YGR211W
15,4932.YHR036W
15,4932.YNL045W
15,4932.YIR004W
15,4932.YJR093C
15,4932.YNL036W
15,4932.YNL328C
15,4932.YKL117W
15,4932.YKL205W
15,4932.YDL116W
15,4932.YLR369W
15,4932.YLL023C
15,4932.YDR431W
15,4932.YML034W
15,4932.YOL032W
15,4932.YPR061C
15,4932.YKL057C
15,4932.YJL061W
15,4932.YJR032W
15,4932.YKR095W
15,4932.YNL189W
15,4932.YOR057W
15,4932.YBR101C
15,4932.YLR216C
15,4932.YLR090W
15,4932.YDL207W
15,4932.YDR335W
15,4932.YGR142W
15,4932.YIL063C
15,4932.YHR192W
15,4932.YMR219W
15,4932.YML062C
15,4932.YNL064C
15,4932.YFR041C
15,4932.YDR395W
15,4932.YJR147W
15,4932.YJR132W
15,4932.YKR002W
15,4932.YMR129W
15,4932.YOR007C
15,4932.YNL251C
15,4932.YPL190C
15,4932.YGR123C
15,4932.YKL186C
15,4932.YDR381W
15,4932.YDL088C
15,4932.YJR097W
15,4932.YPL125W
15,4932.YDL229W
15,4932.YMR140W
15,4932.YJR045C
15,4932.YJR141W
15,4932.YPL240C
15,4932.YKL018W
15,4932.YDR301W
19,4932.YAR009C
19,4932.YJR028W
19,4932.YCL020W
19,4932.YAR010C
19,4932.YMR046C
19,4932.YPR137C-A
19,4932.YML040W
22,4932.YBR182C-A
22,4932.YJL047C-A
22,4932.YGR121W-A
22,4932.YBR072C-A
23,4932.YOR379C
23,4932.YBR190W
12,4932.YLR064W
12,4932.YER140W
12,4932.YGR146C
12,4932.YJR153W
12,4932.YGR146C-A
12,4932.YFR012W
12,4932.YGR147C
12,4932.YLR341W
12,4932.YFR012W-A
12,4932.YHR103W
12,4932.YOR154W
16,4932.YDR095C
16,4932.YDR094W
17,4932.YLR302C
17,4932.YGR190C
18,4932.YHL028W
18,4932.YIL119C
20,4932.YNL074C
20,4932.YHR149C
21,4932.YML101C
21,4932.YIL135C
24,4932.YLR154C-H
24,4932.YLR154W-E
24,4932.YLR154W-F
24,4932.YLR154C-G
24,4932.YLR154W-B
6,4932.YPL134C
6,4932.YOR222W
